sample_id,ena_run
AR0001-C,ERR347035
AR0001-C,ERR347047
AR0001-C,ERR352136
AR0002-C,ERR328585
AR0002-C,ERR323844
AR0002-C,ERR328597
AR0004-C,ERR343648
AR0004-C,ERR343636
AR0004-C,ERR343468
AR0006-C,ERR347036
AR0006-C,ERR347048
AR0006-C,ERR352137
AR0007-C,ERR328581
AR0007-C,ERR323840
AR0007-C,ERR328593
AR0008-C,ERR327182
AR0008-C,ERR323716
AR0008-C,ERR327170
AR0009-C,ERR323848
AR0009-C,ERR328589
AR0009-C,ERR328601
AR0010-Cx,ERR495460
AR0010-Cx,ERR495448
AR0010-Cx,ERR491324
AR0011-C,ERR328588
AR0011-C,ERR328600
AR0011-C,ERR323847
AR0012-C,ERR323775
AR0012-C,ERR327049
AR0012-C,ERR327061
AR0013-Cx,ERR495647
AR0013-Cx,ERR501680
AR0013-Cx,ERR501692
AR0014-C,ERR328561
AR0014-C,ERR323832
AR0014-C,ERR328573
AR0015-C,ERR327191
AR0015-C,ERR327203
AR0015-C,ERR323725
AR0016-Cx,ERR495454
AR0016-Cx,ERR495466
AR0016-Cx,ERR491330
AR0017-C,ERR323724
AR0017-C,ERR327190
AR0017-C,ERR327202
AR0018-Cx,ERR491369
AR0018-Cx,ERR495529
AR0018-Cx,ERR495541
AR0019-C,ERR327204
AR0019-C,ERR327192
AR0019-C,ERR323726
AR0020-C,ERR328569
AR0020-C,ERR328557
AR0020-C,ERR323828
AR0021-C,ERR327179
AR0021-C,ERR327167
AR0021-C,ERR323713
AR0022-C,ERR328584
AR0022-C,ERR323843
AR0022-C,ERR328596
AR0023-C,ERR328556
AR0023-C,ERR328568
AR0023-C,ERR323827
AR0024-C,ERR328572
AR0024-C,ERR323831
AR0024-C,ERR328560
AR0026-C,ERR517032
AR0026-C,ERR517020
AR0026-C,ERR516901
AR0027-C,ERR323836
AR0027-C,ERR328577
AR0027-C,ERR328565
AR0034-C,ERR323728
AR0034-C,ERR327194
AR0034-C,ERR327206
AR0035-C,ERR323850
AR0035-C,ERR328591
AR0035-C,ERR328603
AR0036-C,ERR347029
AR0036-C,ERR352130
AR0036-C,ERR347017
AR0038-C,ERR327077
AR0038-C,ERR327065
AR0038-C,ERR323779
AR0040-C,ERR346965
AR0040-C,ERR346977
AR0040-C,ERR343490
AR0042-C,ERR323771
AR0042-C,ERR327045
AR0042-C,ERR327057
AR0043-C,ERR328602
AR0043-C,ERR323849
AR0043-C,ERR328590
AR0044-C,ERR347028
AR0044-C,ERR347016
AR0044-C,ERR352129
AR0045-C,ERR328626
AR0045-C,ERR328614
AR0045-C,ERR323861
AR0046-C,ERR347037
AR0046-C,ERR347049
AR0046-C,ERR352138
AR0047-C,ERR317254
AR0047-C,ERR317458
AR0047-C,ERR317470
AR0048-C,ERR328587
AR0048-C,ERR328599
AR0048-C,ERR323846
AR0049-C,ERR317256
AR0049-C,ERR317460
AR0049-C,ERR317472
AR0050-Cx,ERR495532
AR0050-Cx,ERR491360
AR0050-Cx,ERR495520
AR0051-C,ERR317257
AR0051-C,ERR317461
AR0051-C,ERR317473
AR0052-C,ERR343491
AR0052-C,ERR346966
AR0052-C,ERR346978
AR0053-C,ERR517021
AR0053-C,ERR517033
AR0053-C,ERR516902
AR0054-Cx,ERR495462
AR0054-Cx,ERR495450
AR0054-Cx,ERR491326
AR0057-C,ERR323768
AR0057-C,ERR327042
AR0057-C,ERR327054
AR0059-C,ERR323845
AR0059-C,ERR328586
AR0059-C,ERR328598
AR0060-C,ERR328595
AR0060-C,ERR328583
AR0060-C,ERR323842
AR0061-C,ERR317474
AR0061-C,ERR317462
AR0061-C,ERR317258
AR0062-C,ERR323841
AR0062-C,ERR328582
AR0062-C,ERR328594
AR0063-C,ERR327058
AR0063-C,ERR323772
AR0063-C,ERR327046
AR0064-C,ERR346979
AR0064-C,ERR346967
AR0064-C,ERR343492
AR0065-C,ERR327064
AR0065-C,ERR327052
AR0065-C,ERR323778
AR0066-C,ERR327088
AR0066-C,ERR327076
AR0066-C,ERR323790
AR0069-Cx,ERR491361
AR0069-Cx,ERR495533
AR0069-Cx,ERR495521
AR0070-Cx,ERR495447
AR0070-Cx,ERR491323
AR0070-Cx,ERR495459
AR0071-C,ERR323784
AR0071-C,ERR327070
AR0071-C,ERR327082
AR0072-C,ERR317264
AR0072-C,ERR317468
AR0072-C,ERR317480
AR0073-C,ERR343622
AR0073-C,ERR343610
AR0073-C,ERR343454
AR0074-C,ERR328611
AR0074-C,ERR323858
AR0074-C,ERR328623
AR0075-C,ERR328578
AR0075-C,ERR328566
AR0075-C,ERR323837
AR0076-C,ERR327043
AR0076-C,ERR323769
AR0076-C,ERR327055
AR0077-C,ERR328580
AR0077-C,ERR323839
AR0077-C,ERR328592
AR0078-C,ERR317475
AR0078-C,ERR317259
AR0078-C,ERR317463
AR0079-C,ERR328575
AR0079-C,ERR328563
AR0079-C,ERR323834
AR0080-C,ERR317260
AR0080-C,ERR317464
AR0080-C,ERR317476
AR0081-Cx,ERR501686
AR0081-Cx,ERR495641
AR0081-Cx,ERR501674
AR0082-C,ERR323715
AR0082-C,ERR327169
AR0082-C,ERR327181
AR0083-C,ERR323711
AR0083-C,ERR327165
AR0083-C,ERR327177
AR0084-C,ERR317477
AR0084-C,ERR317465
AR0084-C,ERR317261
AR0085-C,ERR327184
AR0085-C,ERR327172
AR0085-C,ERR323718
AR0086-C,ERR327195
AR0086-C,ERR327207
AR0086-C,ERR323729
AR0087-C,ERR323776
AR0087-C,ERR327050
AR0087-C,ERR327062
AR0088-C,ERR323787
AR0088-C,ERR327085
AR0088-C,ERR327073
AR0089-C,ERR323782
AR0089-C,ERR327080
AR0089-C,ERR327068
AR0090-Cx,ERR491325
AR0090-Cx,ERR495449
AR0090-Cx,ERR495461
AR0092-C,ERR327189
AR0092-C,ERR323723
AR0092-C,ERR327201
AR0093-C,ERR327166
AR0093-C,ERR323712
AR0093-C,ERR327178
AR0094-C,ERR317265
AR0094-C,ERR317469
AR0094-C,ERR317481
AR0095-C,ERR323699
AR0095-C,ERR327141
AR0095-C,ERR327153
AR0096-C,ERR323785
AR0096-C,ERR327071
AR0096-C,ERR327083
AR0097-C,ERR317466
AR0097-C,ERR317478
AR0097-C,ERR317262
AR0098-C,ERR327186
AR0098-C,ERR327198
AR0098-C,ERR323720
AR0100-C,ERR323727
AR0100-C,ERR327193
AR0100-C,ERR327205
AB0085-Cx,ERR495554
AB0085-Cx,ERR501731
AB0085-Cx,ERR501743
AB0086-Cx,ERR491321
AB0086-Cx,ERR495433
AB0086-Cx,ERR495445
AB0087-C,ERR328834
AB0087-C,ERR332017
AB0087-C,ERR332029
AB0088-C,ERR328830
AB0088-C,ERR332001
AB0088-C,ERR332013
AB0089-Cx,ERR495787
AB0089-Cx,ERR502048
AB0089-Cx,ERR502132
AB0090-C,ERR331863
AB0090-C,ERR331851
AB0090-C,ERR327309
AB0091-C,ERR317227
AB0091-C,ERR317395
AB0091-C,ERR317407
AB0092-C,ERR328862
AB0092-C,ERR332069
AB0092-C,ERR332081
AB0094-Cx,ERR501836
AB0094-Cx,ERR501824
AB0094-Cx,ERR495599
AB0095-Cx,ERR495582
AB0095-Cx,ERR501795
AB0095-Cx,ERR501807
AB0096-C,ERR328831
AB0096-C,ERR332002
AB0096-C,ERR332014
AB0097-Cx,ERR502120
AB0097-Cx,ERR495775
AB0097-Cx,ERR502036
AB0098-Cx,ERR495567
AB0098-Cx,ERR501768
AB0098-Cx,ERR501780
AB0099-Cx,ERR495560
AB0099-Cx,ERR501749
AB0099-Cx,ERR501761
AB0100-C,ERR328835
AB0100-C,ERR332018
AB0100-C,ERR332030
AB0101-C,ERR328828
AB0101-C,ERR331999
AB0101-C,ERR332011
AB0103-C,ERR332010
AB0103-C,ERR331998
AB0103-C,ERR328827
AB0104-Cx,ERR495564
AB0104-Cx,ERR501753
AB0104-Cx,ERR501765
AB0109-C,ERR328788
AB0109-C,ERR331923
AB0109-C,ERR331935
AB0110-C,ERR317219
AB0110-C,ERR317387
AB0110-C,ERR317399
AB0111-C,ERR328852
AB0111-C,ERR332047
AB0111-C,ERR332059
AB0112-C,ERR332066
AB0112-C,ERR332078
AB0112-C,ERR328859
AB0113-C,ERR332012
AB0113-C,ERR332000
AB0113-C,ERR328829
AB0114-C,ERR317221
AB0114-C,ERR317389
AB0114-C,ERR317401
AB0115-C,ERR347011
AB0115-C,ERR347023
AB0115-C,ERR352124
AB0116-C,ERR317233
AB0116-C,ERR317413
AB0116-C,ERR317425
AB0117-C,ERR317231
AB0117-C,ERR317411
AB0117-C,ERR317423
AB0118-C,ERR317418
AB0118-C,ERR317430
AB0118-C,ERR317238
AB0119-C,ERR317232
AB0119-C,ERR317412
AB0119-C,ERR317424
AB0121-C,ERR317241
AB0121-C,ERR317421
AB0121-C,ERR317433
AB0122-C,ERR332072
AB0122-C,ERR328865
AB0122-C,ERR332084
AB0123-C,ERR317236
AB0123-C,ERR317416
AB0123-C,ERR317428
AB0124-C,ERR317392
AB0124-C,ERR317404
AB0124-C,ERR317224
AB0126-Cx,ERR502043
AB0126-Cx,ERR502127
AB0126-Cx,ERR495782
AB0127-C,ERR343465
AB0127-C,ERR343633
AB0127-C,ERR343645
AB0128-C,ERR317243
AB0128-C,ERR317435
AB0128-C,ERR317447
AB0129-C,ERR332082
AB0129-C,ERR332070
AB0129-C,ERR328863
AB0130-Cx,ERR495802
AB0130-Cx,ERR502147
AB0130-Cx,ERR525247
AB0131-Cx,ERR495573
AB0131-Cx,ERR501774
AB0131-Cx,ERR501786
AB0132-C,ERR328459
AB0132-C,ERR328447
AB0132-C,ERR320060
AB0133-C,ERR328866
AB0133-C,ERR332073
AB0133-C,ERR332085
AB0134-C,ERR317248
AB0134-C,ERR317440
AB0134-C,ERR317452
AB0135-C,ERR328846
AB0135-C,ERR332041
AB0135-C,ERR332053
AB0136-Cx,ERR501813
AB0136-Cx,ERR495588
AB0136-Cx,ERR501801
AB0137-Cx,ERR501818
AB0137-Cx,ERR501830
AB0137-Cx,ERR495593
AB0138-Cx,ERR501781
AB0138-Cx,ERR495568
AB0138-Cx,ERR501769
AB0139-C,ERR328814
AB0139-C,ERR331973
AB0139-C,ERR331985
AB0140-C,ERR328826
AB0140-C,ERR331997
AB0140-C,ERR332009
AB0142-C,ERR328805
AB0142-C,ERR331952
AB0142-C,ERR331964
AB0143-Cx,ERR495778
AB0143-Cx,ERR502039
AB0143-Cx,ERR502123
AB0144-C,ERR332044
AB0144-C,ERR332056
AB0144-C,ERR328849
AB0145-C,ERR328815
AB0145-C,ERR331974
AB0145-C,ERR331986
AB0146-Cx,ERR495590
AB0146-Cx,ERR501803
AB0146-Cx,ERR501815
AB0147-C,ERR331900
AB0147-C,ERR328777
AB0147-C,ERR331912
AB0148-Cx,ERR495578
AB0148-Cx,ERR501779
AB0148-Cx,ERR501791
AB0150-Cx,ERR502049
AB0150-Cx,ERR502133
AB0150-Cx,ERR495788
AB0151-Cx,ERR502128
AB0151-Cx,ERR502044
AB0151-Cx,ERR495783
AB0153-C,ERR343476
AB0153-C,ERR343656
AB0153-C,ERR343668
AB0155-Cx,ERR495792
AB0155-Cx,ERR502053
AB0155-Cx,ERR502137
AB0157-Cx,ERR495779
AB0157-Cx,ERR502040
AB0157-Cx,ERR502124
AB0158-Cx,ERR495773
AB0158-Cx,ERR502034
AB0158-Cx,ERR502118
AB0159-C,ERR343632
AB0159-C,ERR343644
AB0159-C,ERR343464
AB0160-Cx,ERR495799
AB0160-Cx,ERR502144
AB0160-Cx,ERR525244
AB0161-C,ERR343475
AB0161-C,ERR343655
AB0161-C,ERR343667
AB0162-C,ERR347022
AB0162-C,ERR347010
AB0162-C,ERR352123
AB0164-C,ERR317250
AB0164-C,ERR317442
AB0164-C,ERR317454
AB0165-C,ERR346986
AB0165-C,ERR346998
AB0165-C,ERR343499
AB0166-C,ERR317446
AB0166-C,ERR317434
AB0166-C,ERR317242
AB0167-C,ERR343487
AB0167-C,ERR346962
AB0167-C,ERR346974
AB0169-C,ERR317237
AB0169-C,ERR317417
AB0169-C,ERR317429
AB0170-C,ERR317244
AB0170-C,ERR317436
AB0170-C,ERR317448
AB0171-Cx,ERR495804
AB0171-Cx,ERR502149
AB0171-Cx,ERR525249
AB0172-Cx,ERR495427
AB0172-Cx,ERR495439
AB0172-Cx,ERR491315
AB0173-C,ERR343452
AB0173-C,ERR343608
AB0173-C,ERR343620
AB0174-C,ERR317247
AB0174-C,ERR317439
AB0174-C,ERR317451
AB0175-Cx,ERR501802
AB0175-Cx,ERR495589
AB0175-Cx,ERR501814
AB0176-Cx,ERR495595
AB0176-Cx,ERR501820
AB0176-Cx,ERR501832
AB0177-C,ERR343634
AB0177-C,ERR343646
AB0177-C,ERR343466
AB0178-C,ERR317456
AB0178-C,ERR317444
AB0178-C,ERR317252
AB0179-Cx,ERR495575
AB0179-Cx,ERR501776
AB0179-Cx,ERR501788
AB0180-Cx,ERR495583
AB0180-Cx,ERR501796
AB0180-Cx,ERR501808
AB0181-C,ERR319985
AB0181-C,ERR327337
AB0181-C,ERR327349
AB0182-C,ERR327308
AB0182-C,ERR331850
AB0182-C,ERR331862
AB0183-C,ERR331906
AB0183-C,ERR331918
AB0183-C,ERR328783
AB0184-C,ERR327285
AB0184-C,ERR331803
AB0184-C,ERR331815
AB0185-Cx,ERR491292
AB0185-Cx,ERR495380
AB0185-Cx,ERR495392
AB0186-C,ERR331902
AB0186-C,ERR328779
AB0186-C,ERR331914
AB0187-C,ERR327313
AB0187-C,ERR331855
AB0187-C,ERR331867
AB0188-C,ERR331876
AB0188-C,ERR331888
AB0188-C,ERR327322
AB0189-C,ERR328421
AB0189-C,ERR328433
AB0189-C,ERR320046
AB0190-C,ERR327396
AB0190-C,ERR327384
AB0190-C,ERR320008
AB0191-Cx,ERR495602
AB0191-Cx,ERR501827
AB0191-Cx,ERR501839
AB0192-C,ERR328799
AB0192-C,ERR331946
AB0192-C,ERR331958
AB0193-C,ERR328800
AB0193-C,ERR331947
AB0193-C,ERR331959
AB0194-C,ERR320058
AB0194-C,ERR328445
AB0194-C,ERR328457
AB0196-C,ERR332040
AB0196-C,ERR332052
AB0196-C,ERR328845
AB0197-C,ERR327252
AB0197-C,ERR331734
AB0197-C,ERR331746
AB0198-C,ERR328794
AB0198-C,ERR331929
AB0198-C,ERR331941
AB0199-C,ERR332025
AB0199-C,ERR328842
AB0199-C,ERR332037
AB0200-C,ERR328837
AB0200-C,ERR332020
AB0200-C,ERR332032
AB0201-Cx,ERR501792
AB0201-Cx,ERR501804
AB0201-Cx,ERR495579
AB0202-Cx,ERR501810
AB0202-Cx,ERR501798
AB0202-Cx,ERR495585
AB0203-C,ERR328861
AB0203-C,ERR332068
AB0203-C,ERR332080
AB0204-C,ERR328791
AB0204-C,ERR331926
AB0204-C,ERR331938
AB0205-C,ERR319996
AB0205-C,ERR327360
AB0205-C,ERR327372
AB0206-C,ERR319997
AB0206-C,ERR327361
AB0206-C,ERR327373
AB0207-C,ERR328396
AB0207-C,ERR328408
AB0207-C,ERR320019
AB0208-C,ERR320024
AB0208-C,ERR328401
AB0208-C,ERR328413
AB0209-C,ERR327251
AB0209-C,ERR331733
AB0209-C,ERR331745
AB0210-C,ERR328468
AB0210-C,ERR320069
AB0210-C,ERR328480
AB0211-C,ERR320043
AB0211-C,ERR328418
AB0211-C,ERR328430
AB0212-C,ERR331714
AB0212-C,ERR331726
AB0212-C,ERR327244
AB0213-C,ERR327385
AB0213-C,ERR327397
AB0213-C,ERR320009
AB0214-C,ERR320068
AB0214-C,ERR328467
AB0214-C,ERR328479
AB0215-C,ERR320020
AB0215-C,ERR328397
AB0215-C,ERR328409
AB0216-C,ERR320034
AB0216-C,ERR343568
AB0216-C,ERR343580
AB0217-C,ERR320016
AB0217-C,ERR328393
AB0217-C,ERR328405
AB0218-C,ERR328470
AB0218-C,ERR328482
AB0218-C,ERR320071
AB0219-Cx,ERR491286
AB0219-Cx,ERR495362
AB0219-Cx,ERR495374
AB0221-C,ERR320017
AB0221-C,ERR328394
AB0221-C,ERR328406
AB0222-C,ERR331978
AB0222-C,ERR328819
AB0222-C,ERR331990
AB0223-C,ERR327241
AB0223-C,ERR331711
AB0223-C,ERR331723
AB0224-C,ERR327362
AB0224-C,ERR327374
AB0224-C,ERR319998
AB0225-C,ERR327375
AB0225-C,ERR327363
AB0225-C,ERR319999
AB0226-C,ERR320000
AB0226-C,ERR327364
AB0226-C,ERR327376
AB0227-Cx,ERR495559
AB0227-Cx,ERR501748
AB0227-Cx,ERR501760
AB0228-C,ERR317223
AB0228-C,ERR317391
AB0228-C,ERR317403
AB0229-C,ERR327325
AB0229-C,ERR331879
AB0229-C,ERR331891
AB0230-Cx,ERR502064
AB0230-Cx,ERR502160
AB0230-Cx,ERR495815
AB0231-C,ERR327106
AB0231-C,ERR338384
AB0231-C,ERR338396
AB0232-Cx,ERR495807
AB0232-Cx,ERR502056
AB0232-Cx,ERR502152
AB0233-C,ERR320185
AB0233-C,ERR320173
AB0233-C,ERR327093
AB0234-C,ERR327104
AB0234-C,ERR338382
AB0234-C,ERR338394
AB0235-C,ERR327216
AB0235-C,ERR327228
AB0235-C,ERR323738
AB0236-Cx,ERR502062
AB0236-Cx,ERR502158
AB0236-Cx,ERR495813
AB0237-C,ERR338380
AB0237-C,ERR338392
AB0237-C,ERR327102
AB0238-C,ERR323751
AB0238-C,ERR327001
AB0238-C,ERR327013
AB0239-C,ERR323736
AB0239-C,ERR327214
AB0239-C,ERR327226
AB0240-C,ERR323731
AB0240-C,ERR327209
AB0240-C,ERR327221
AB0241-C,ERR323735
AB0241-C,ERR327213
AB0241-C,ERR327225
AB0242-C,ERR328535
AB0242-C,ERR328547
AB0242-C,ERR323818
AB0243-C,ERR323749
AB0243-C,ERR326999
AB0243-C,ERR327011
AB0244-C,ERR323817
AB0244-C,ERR328534
AB0244-C,ERR328546
AB0246-C,ERR328533
AB0246-C,ERR323816
AB0246-C,ERR328545
AB0247-C,ERR327107
AB0247-C,ERR338385
AB0247-C,ERR338397
AB0248-C,ERR347025
AB0248-C,ERR352126
AB0248-C,ERR347013
AB0249-Cx,ERR502067
AB0249-Cx,ERR502163
AB0249-Cx,ERR495818
AB0250-Cx,ERR491343
AB0250-Cx,ERR495479
AB0250-Cx,ERR495491
AB0251-C,ERR320176
AB0251-C,ERR320188
AB0251-C,ERR327096
AB0252-C,ERR338398
AB0252-C,ERR338386
AB0252-C,ERR327108
AB0253-C,ERR327109
AB0253-C,ERR338387
AB0253-C,ERR338399
AB0255-C,ERR343488
AB0255-C,ERR346963
AB0255-C,ERR346975
AB0256-C,ERR343621
AB0256-C,ERR343609
AB0256-C,ERR343453
AB0257-C,ERR323732
AB0257-C,ERR327210
AB0257-C,ERR327222
AB0258-Cx,ERR491345
AB0258-Cx,ERR495481
AB0258-Cx,ERR495493
AB0259-Cx,ERR495812
AB0259-Cx,ERR502061
AB0259-Cx,ERR502157
AB0260-C,ERR338401
AB0260-C,ERR327111
AB0260-C,ERR338389
AB0261-Cx,ERR495683
AB0261-Cx,ERR501920
AB0261-Cx,ERR491199
AB0262-Cx,ERR495489
AB0262-Cx,ERR491341
AB0262-Cx,ERR495477
AB0263-C,ERR323740
AB0263-C,ERR327218
AB0263-C,ERR327230
AB0264-C,ERR320172
AB0264-C,ERR320184
AB0264-C,ERR327092
AB0265-C,ERR327103
AB0265-C,ERR338381
AB0265-C,ERR338393
AB0266-Cx,ERR495619
AB0266-Cx,ERR501892
AB0266-Cx,ERR501904
AB0267-C,ERR327002
AB0267-C,ERR327014
AB0267-C,ERR323752
AB0268-C,ERR323820
AB0268-C,ERR328537
AB0268-C,ERR328549
AB0269-Cx,ERR495809
AB0269-Cx,ERR502058
AB0269-Cx,ERR502154
AB0270-C,ERR338383
AB0270-C,ERR327105
AB0270-C,ERR338395
AB0271-Cx,ERR495816
AB0271-Cx,ERR502065
AB0271-Cx,ERR502161
AB0272-Cx,ERR495482
AB0272-Cx,ERR495494
AB0272-Cx,ERR491346
AB0273-Cx,ERR502162
AB0273-Cx,ERR495817
AB0273-Cx,ERR502066
AB0274-C,ERR323819
AB0274-C,ERR328536
AB0274-C,ERR328548
AB0275-C,ERR347034
AB0275-C,ERR347046
AB0275-C,ERR352135
AB0276-C,ERR323826
AB0276-C,ERR328543
AB0276-C,ERR328555
AB0277-C,ERR338400
AB0277-C,ERR327110
AB0277-C,ERR338388
AB0278-C,ERR338402
AB0278-C,ERR327112
AB0278-C,ERR338390
AB0279-C,ERR323734
AB0279-C,ERR327212
AB0279-C,ERR327224
AB0280-Cx,ERR495808
AB0280-Cx,ERR502057
AB0280-Cx,ERR502153
AB0281-Cx,ERR495686
AB0281-Cx,ERR491202
AB0281-Cx,ERR501923
AB0282-Cx,ERR495473
AB0282-Cx,ERR491337
AB0282-Cx,ERR495485
AB0283-C,ERR327004
AB0283-C,ERR323754
AB0283-C,ERR327016
AB0284-C,ERR338379
AB0284-C,ERR327101
AB0284-C,ERR338391
AB0326-C,ERR1702362
AB0326-C,ERR1702398
AB0326-C,ERR1714034
AB0327-C,ERR1702363
AB0327-C,ERR1702399
AB0327-C,ERR1714035
AB0328-C,ERR1702364
AB0328-C,ERR1702400
AB0328-C,ERR1714036
AB0329-C,ERR1714037
AB0329-C,ERR1702365
AB0329-C,ERR1702401
AB0330-C,ERR1702366
AB0330-C,ERR1702402
AB0330-C,ERR1714038
AB0331-C,ERR1714039
AB0331-C,ERR1702367
AB0331-C,ERR1702403
AB0332-C,ERR1714040
AB0332-C,ERR1702368
AB0332-C,ERR1702404
AB0333-C,ERR1702369
AB0333-C,ERR1702405
AB0333-C,ERR1714041
AB0334-C,ERR1702370
AB0334-C,ERR1702406
AB0334-C,ERR1714042
AB0337-C,ERR1702407
AB0337-C,ERR1702371
AB0337-C,ERR1714043
AB0338-C,ERR1702372
AB0338-C,ERR1702408
AB0338-C,ERR1714044
AB0339-C,ERR1702409
AB0339-C,ERR1714045
AB0339-C,ERR1702373
AB0340-C,ERR1714046
AB0340-C,ERR1702410
AB0340-C,ERR1702374
AB0341-C,ERR1702375
AB0341-C,ERR1702411
AB0341-C,ERR1714047
AB0348-C,ERR1702376
AB0348-C,ERR1702412
AB0348-C,ERR1714048
AB0351-C,ERR1714050
AB0351-C,ERR1702414
AB0351-C,ERR1702378
AB0352-C,ERR1702379
AB0352-C,ERR1702415
AB0352-C,ERR1714051
AB0354-C,ERR1702380
AB0354-C,ERR1702416
AB0354-C,ERR1714052
AB0355-C,ERR1702417
AB0355-C,ERR1714053
AB0355-C,ERR1702381
AB0356-C,ERR1702382
AB0356-C,ERR1702418
AB0356-C,ERR1714054
AB0357-C,ERR1702383
AB0357-C,ERR1702419
AB0357-C,ERR1714055
AB0358-C,ERR1714056
AB0358-C,ERR1702420
AB0358-C,ERR1702384
AB0359-C,ERR1702385
AB0359-C,ERR1702421
AB0359-C,ERR1714057
AB0360-C,ERR1702386
AB0360-C,ERR1702422
AB0360-C,ERR1714058
AB0361-C,ERR1702423
AB0361-C,ERR1714059
AB0361-C,ERR1702387
AB0362-C,ERR1714060
AB0362-C,ERR1702388
AB0362-C,ERR1702424
AB0363-C,ERR1702389
AB0363-C,ERR1702425
AB0363-C,ERR1714061
AB0364-C,ERR1702390
AB0364-C,ERR1702426
AB0364-C,ERR1714062
AB0365-C,ERR1714063
AB0365-C,ERR1702427
AB0365-C,ERR1702391
AB0366-C,ERR1702392
AB0366-C,ERR1702428
AB0366-C,ERR1714064
AB0367-C,ERR1702393
AB0367-C,ERR1702429
AB0367-C,ERR1714065
AB0368-C,ERR1714066
AB0368-C,ERR1702430
AB0368-C,ERR1702394
AB0369-C,ERR1702395
AB0369-C,ERR1702431
AB0369-C,ERR1714067
AB0370-C,ERR1702396
AB0370-C,ERR1702432
AB0370-C,ERR1714068
AB0371-C,ERR1714069
AB0371-C,ERR1702433
AB0371-C,ERR1702397
AB0372-C,ERR1714070
AB0372-C,ERR1714106
AB0372-C,ERR1714142
AB0373-C,ERR1714071
AB0373-C,ERR1714107
AB0373-C,ERR1714143
AB0374-C,ERR1714144
AB0374-C,ERR1714108
AB0374-C,ERR1714072
AB0375-C,ERR1714073
AB0375-C,ERR1714109
AB0375-C,ERR1714145
AB0378-C,ERR1714074
AB0378-C,ERR1714110
AB0378-C,ERR1714146
AB0379-C,ERR1714147
AB0379-C,ERR1714111
AB0379-C,ERR1714075
AB0381-C,ERR1714076
AB0381-C,ERR1714112
AB0381-C,ERR1714148
AB0386-C,ERR1714077
AB0386-C,ERR1714113
AB0386-C,ERR1714149
AB0388-C,ERR1714150
AB0388-C,ERR1714114
AB0388-C,ERR1714078
AB0389-C,ERR1714079
AB0389-C,ERR1714115
AB0389-C,ERR1714151
AB0396-C,ERR1714080
AB0396-C,ERR1714116
AB0396-C,ERR1714152
AB0397-C,ERR1714153
AB0397-C,ERR1714117
AB0397-C,ERR1714081
AB0398-C,ERR1714082
AB0398-C,ERR1714118
AB0398-C,ERR1714154
AB0399-C,ERR1714083
AB0399-C,ERR1714119
AB0399-C,ERR1714155
AB0400-C,ERR1714120
AB0400-C,ERR1714156
AB0400-C,ERR1714084
AB0403-C,ERR1714121
AB0403-C,ERR1714157
AB0403-C,ERR1714085
AB0404-C,ERR1714086
AB0404-C,ERR1714122
AB0404-C,ERR1714158
AB0408-C,ERR1818496
AB0408-C,ERR1818472
AB0408-C,ERR1818520
AB0409-C,ERR1714160
AB0409-C,ERR1714124
AB0409-C,ERR1714088
AB0410-C,ERR1714089
AB0410-C,ERR1714161
AB0410-C,ERR1714125
AB0411-C,ERR1714090
AB0411-C,ERR1714126
AB0411-C,ERR1714162
AB0413-C,ERR1714163
AB0413-C,ERR1714091
AB0413-C,ERR1714127
AB0432-C,ERR1714092
AB0432-C,ERR1714128
AB0432-C,ERR1714164
AB0433-C,ERR1714093
AB0433-C,ERR1714129
AB0433-C,ERR1714165
AB0435-C,ERR1714094
AB0435-C,ERR1714130
AB0435-C,ERR1714166
AB0436-C,ERR1714131
AB0436-C,ERR1714095
AB0436-C,ERR1714167
AB0439-C,ERR1714132
AB0439-C,ERR1714168
AB0439-C,ERR1714096
AB0440-C,ERR1714097
AB0440-C,ERR1714133
AB0440-C,ERR1714169
AB0457-C,ERR1714098
AB0457-C,ERR1714134
AB0457-C,ERR1714170
AB0458-C,ERR1714099
AB0458-C,ERR1714135
AB0458-C,ERR1714171
AB0459-C,ERR1714172
AB0459-C,ERR1714136
AB0459-C,ERR1714100
AB0460-C,ERR1714101
AB0460-C,ERR1714137
AB0460-C,ERR1714173
AB0462-C,ERR1714174
AB0462-C,ERR1714102
AB0462-C,ERR1714138
AB0463-C,ERR1714103
AB0463-C,ERR1714139
AB0463-C,ERR1714175
AB0465-C,ERR1714104
AB0465-C,ERR1714140
AB0465-C,ERR1714176
AB0466-C,ERR1714105
AB0466-C,ERR1714141
AB0466-C,ERR1714177
AB0467-C,ERR1714178
AB0467-C,ERR1714214
AB0467-C,ERR1714250
AB0468-C,ERR1714251
AB0468-C,ERR1714215
AB0468-C,ERR1714179
AB0469-C,ERR1714216
AB0469-C,ERR1714252
AB0469-C,ERR1714180
AB0470-C,ERR1714181
AB0470-C,ERR1714217
AB0470-C,ERR1714253
AB0471-C,ERR1714182
AB0471-C,ERR1714218
AB0471-C,ERR1714254
AB0472-C,ERR1714183
AB0472-C,ERR1714219
AB0472-C,ERR1714255
AB0473-C,ERR1714184
AB0473-C,ERR1714256
AB0473-C,ERR1714220
AB0474-C,ERR1714185
AB0474-C,ERR1714221
AB0474-C,ERR1714257
AB0477-C,ERR1714258
AB0477-C,ERR1714186
AB0477-C,ERR1714222
AB0502-C,ERR1714223
AB0502-C,ERR1714187
AB0502-C,ERR1714259
AB0503-C,ERR1714188
AB0503-C,ERR1714224
AB0503-C,ERR1714260
AB0504-C,ERR1714189
AB0504-C,ERR1714225
AB0504-C,ERR1714261
AB0505-C,ERR1714190
AB0505-C,ERR1714226
AB0505-C,ERR1714262
AB0508-C,ERR1714191
AB0508-C,ERR1714227
AB0508-C,ERR1714263
AB0509-C,ERR1714264
AB0509-C,ERR1714228
AB0509-C,ERR1714192
AB0510-C,ERR1714229
AB0510-C,ERR1714265
AB0510-C,ERR1714193
AB0517-C,ERR1714194
AB0517-C,ERR1714230
AB0517-C,ERR1714266
AB0523-C,ERR1714195
AB0523-C,ERR1714231
AB0523-C,ERR1714267
AB0524-C,ERR1714196
AB0524-C,ERR1714232
AB0524-C,ERR1714268
AB0525-C,ERR1714233
AB0525-C,ERR1714197
AB0525-C,ERR1714269
AB0526-C,ERR1714234
AB0526-C,ERR1714198
AB0526-C,ERR1714270
AB0527-C,ERR1714271
AB0527-C,ERR1714199
AB0527-C,ERR1714235
AB0528-C,ERR1714200
AB0528-C,ERR1714236
AB0528-C,ERR1714272
AB0529-C,ERR1714201
AB0529-C,ERR1714237
AB0529-C,ERR1714273
AB0530-C,ERR1714202
AB0530-C,ERR1714238
AB0530-C,ERR1714274
AB0531-C,ERR1714203
AB0531-C,ERR1714239
AB0531-C,ERR1714275
AB0532-C,ERR1714276
AB0532-C,ERR1714240
AB0532-C,ERR1714204
AB0533-C,ERR1714241
AB0533-C,ERR1714277
AB0533-C,ERR1714205
AB0536-C,ERR1714206
AB0536-C,ERR1714242
AB0536-C,ERR1714278
AB0537-C,ERR1714207
AB0537-C,ERR1714243
AB0537-C,ERR1714279
AB0538-C,ERR1714208
AB0538-C,ERR1714244
AB0538-C,ERR1714280
AB0298-C,ERR1638729
AB0298-C,ERR1702222
AB0298-C,ERR1702258
AB0299-C,ERR1638730
AB0299-C,ERR1702223
AB0299-C,ERR1702259
AB0301-C,ERR1638731
AB0301-C,ERR1702224
AB0301-C,ERR1702260
AB0302-C,ERR1702261
AB0302-C,ERR1638732
AB0302-C,ERR1702225
AB0303-C,ERR1638733
AB0303-C,ERR1702226
AB0303-C,ERR1702262
AB0309-C,ERR1702263
AB0309-C,ERR1638734
AB0309-C,ERR1702227
AB0312-C,ERR1702264
AB0312-C,ERR1702228
AB0312-C,ERR1638735
AB0313-C,ERR1638736
AB0313-C,ERR1702229
AB0313-C,ERR1702265
AB0314-C,ERR1638737
AB0314-C,ERR1702230
AB0314-C,ERR1702266
AB0315-C,ERR1702231
AB0315-C,ERR1702267
AB0315-C,ERR1638738
AB0316-C,ERR1638739
AB0316-C,ERR1702232
AB0316-C,ERR1702268
AB0318-C,ERR1638741
AB0318-C,ERR1702234
AB0318-C,ERR1702270
AB0325-C,ERR1702241
AB0325-C,ERR1638748
AB0325-C,ERR1702277
BP0001-C,ERR1638681
BP0001-C,ERR1638645
BP0001-C,ERR1638609
BP0002-C,ERR1638646
BP0002-C,ERR1638682
BP0002-C,ERR1638610
BP0003-C,ERR1638611
BP0003-C,ERR1638647
BP0003-C,ERR1638683
BP0004-C,ERR1638612
BP0004-C,ERR1638648
BP0004-C,ERR1638684
BP0006-C,ERR1638614
BP0006-C,ERR1638650
BP0006-C,ERR1638686
BP0007-C,ERR1638615
BP0007-C,ERR1638651
BP0007-C,ERR1638687
BP0008-C,ERR1638688
BP0008-C,ERR1638616
BP0008-C,ERR1638652
BP0009-C,ERR1620635
BP0009-C,ERR1620779
BP0009-C,ERR1638689
BP0010-C,ERR1620636
BP0010-C,ERR1638690
BP0010-C,ERR1620780
BP0011-C,ERR1620637
BP0011-C,ERR1620781
BP0011-C,ERR1638691
BP0012-C,ERR1620782
BP0012-C,ERR1620638
BP0012-C,ERR1638692
BP0013-C,ERR1620783
BP0013-C,ERR1638693
BP0013-C,ERR1620639
BP0015-C,ERR1620641
BP0015-C,ERR1620785
BP0015-C,ERR1638695
BP0016-C,ERR1620786
BP0016-C,ERR1638696
BP0016-C,ERR1620642
BP0017-C,ERR1620643
BP0017-C,ERR1620787
BP0017-C,ERR1638697
BP0018-C,ERR1620644
BP0018-C,ERR1620788
BP0018-C,ERR1638698
BP0019-C,ERR1638699
BP0019-C,ERR1620789
BP0019-C,ERR1620645
BP0020-C,ERR1620790
BP0020-C,ERR1638700
BP0020-C,ERR1620646
BP0021-C,ERR1638701
BP0021-C,ERR1620791
BP0021-C,ERR1620647
BP0022-C,ERR1638702
BP0022-C,ERR1620792
BP0022-C,ERR1620648
BP0023-C,ERR1638703
BP0023-C,ERR1620649
BP0023-C,ERR1620793
BP0024-C,ERR1620650
BP0024-C,ERR1620794
BP0024-C,ERR1638704
BP0025-C,ERR1620651
BP0025-C,ERR1620795
BP0025-C,ERR1638705
BP0026-C,ERR1620652
BP0026-C,ERR1620796
BP0026-C,ERR1638706
BP0027-C,ERR1620797
BP0027-C,ERR1620653
BP0027-C,ERR1638707
BP0028-C,ERR1620654
BP0028-C,ERR1620798
BP0028-C,ERR1638708
BP0029-C,ERR1620655
BP0029-C,ERR1620799
BP0029-C,ERR1638709
BP0030-C,ERR1620656
BP0030-C,ERR1620800
BP0030-C,ERR1638710
BP0031-C,ERR1638711
BP0031-C,ERR1620657
BP0031-C,ERR1620801
BP0032-C,ERR1620658
BP0032-C,ERR1638712
BP0032-C,ERR1620802
BP0033-C,ERR1638713
BP0033-C,ERR1620803
BP0033-C,ERR1620659
BP0034-C,ERR1620804
BP0034-C,ERR1620660
BP0034-C,ERR1638714
BP0035-C,ERR1620805
BP0035-C,ERR1620661
BP0035-C,ERR1638715
BP0036-C,ERR1620662
BP0036-C,ERR1620806
BP0036-C,ERR1638716
BP0037-C,ERR1620663
BP0037-C,ERR1620807
BP0037-C,ERR1638717
BP0038-C,ERR1620664
BP0038-C,ERR1620808
BP0038-C,ERR1638718
BP0039-C,ERR1620665
BP0039-C,ERR1620809
BP0039-C,ERR1638719
BP0040-C,ERR1620666
BP0040-C,ERR1620810
BP0040-C,ERR1638720
BP0041-C,ERR1620811
BP0041-C,ERR1638721
BP0041-C,ERR1620667
BP0042-C,ERR1620668
BP0042-C,ERR1638722
BP0042-C,ERR1620812
BP0043-C,ERR1638723
BP0043-C,ERR1620813
BP0043-C,ERR1620669
BP0044-C,ERR1638724
BP0044-C,ERR1620814
BP0044-C,ERR1620670
BP0045-C,ERR1620743
BP0045-C,ERR1620707
BP0045-C,ERR1620671
BP0046-C,ERR1620708
BP0046-C,ERR1620744
BP0046-C,ERR1620672
BP0047-C,ERR1620745
BP0047-C,ERR1620673
BP0047-C,ERR1620709
BP0048-C,ERR1620674
BP0048-C,ERR1620710
BP0048-C,ERR1620746
BP0049-C,ERR1620675
BP0049-C,ERR1620711
BP0049-C,ERR1620747
BP0050-C,ERR1620712
BP0050-C,ERR1620676
BP0050-C,ERR1620748
BP0051-C,ERR1620749
BP0051-C,ERR1620713
BP0051-C,ERR1620677
BP0052-C,ERR1620678
BP0052-C,ERR1620714
BP0052-C,ERR1620750
BP0053-C,ERR1620751
BP0053-C,ERR1620679
BP0053-C,ERR1620715
BP0054-C,ERR1620680
BP0054-C,ERR1620716
BP0054-C,ERR1620752
BP0055-C,ERR1620681
BP0055-C,ERR1620717
BP0055-C,ERR1620753
BP0056-C,ERR1620754
BP0056-C,ERR1620718
BP0056-C,ERR1620682
BP0057-C,ERR1620719
BP0057-C,ERR1620755
BP0057-C,ERR1620683
BP0058-C,ERR1620756
BP0058-C,ERR1620720
BP0058-C,ERR1620684
BP0059-C,ERR1620757
BP0059-C,ERR1620721
BP0059-C,ERR1620685
BP0060-C,ERR1620758
BP0060-C,ERR1620686
BP0060-C,ERR1620722
BP0061-C,ERR1620723
BP0061-C,ERR1620687
BP0061-C,ERR1620759
BP0062-C,ERR1620688
BP0062-C,ERR1620724
BP0062-C,ERR1620760
BP0064-C,ERR1620725
BP0064-C,ERR1620761
BP0064-C,ERR1620689
BP0065-C,ERR1620690
BP0065-C,ERR1620726
BP0065-C,ERR1620762
BP0066-C,ERR1620691
BP0066-C,ERR1620727
BP0066-C,ERR1620763
BP0067-C,ERR1620692
BP0067-C,ERR1620764
BP0067-C,ERR1620728
BP0069-C,ERR1620693
BP0069-C,ERR1620729
BP0069-C,ERR1620765
BP0070-C,ERR1620730
BP0070-C,ERR1620694
BP0070-C,ERR1620766
BP0071-C,ERR1620767
BP0071-C,ERR1620731
BP0071-C,ERR1620695
BP0072-C,ERR1620696
BP0072-C,ERR1620732
BP0072-C,ERR1620768
BP0074-C,ERR1620698
BP0074-C,ERR1620734
BP0074-C,ERR1620770
BP0075-C,ERR1620699
BP0075-C,ERR1620735
BP0075-C,ERR1620771
BP0076-C,ERR1620772
BP0076-C,ERR1620700
BP0076-C,ERR1620736
BP0077-C,ERR1620701
BP0077-C,ERR1620737
BP0077-C,ERR1620773
BP0078-C,ERR1620702
BP0078-C,ERR1620738
BP0078-C,ERR1620774
BP0079-C,ERR1620703
BP0079-C,ERR1620739
BP0079-C,ERR1620775
BP0080-C,ERR1620776
BP0080-C,ERR1620704
BP0080-C,ERR1620740
BP0081-C,ERR1620777
BP0081-C,ERR1620741
BP0081-C,ERR1620705
BK0001-C,ERR1560358
BK0001-C,ERR1560394
BK0001-C,ERR1560430
BK0002-C,ERR1560359
BK0002-C,ERR1560395
BK0002-C,ERR1560431
BK0003-C,ERR1560360
BK0003-C,ERR1560396
BK0003-C,ERR1560432
BK0005-C,ERR1560361
BK0005-C,ERR1560397
BK0005-C,ERR1560433
BK0006-C,ERR1560434
BK0006-C,ERR1560398
BK0006-C,ERR1560362
BK0007-C,ERR1560363
BK0007-C,ERR1560399
BK0007-C,ERR1560435
BK0008-C,ERR1560364
BK0008-C,ERR1560400
BK0008-C,ERR1560436
BK0009-C,ERR1560365
BK0009-C,ERR1560401
BK0009-C,ERR1560437
BK0010-C,ERR1560366
BK0010-C,ERR1560402
BK0010-C,ERR1560438
BK0011-C,ERR1560439
BK0011-C,ERR1560367
BK0011-C,ERR1560403
BK0013-C,ERR1560368
BK0013-C,ERR1560404
BK0013-C,ERR1560440
BK0014-C,ERR1560369
BK0014-C,ERR1560405
BK0014-C,ERR1560441
BK0015-C,ERR1560370
BK0015-C,ERR1560406
BK0015-C,ERR1560442
BK0016-C,ERR1560443
BK0016-C,ERR1560407
BK0016-C,ERR1560371
BK0017-C,ERR1560372
BK0017-C,ERR1560408
BK0017-C,ERR1560444
BK0018-C,ERR1560373
BK0018-C,ERR1560409
BK0018-C,ERR1560445
BK0019-C,ERR1560374
BK0019-C,ERR1560410
BK0019-C,ERR1560446
BK0021-C,ERR1560411
BK0021-C,ERR1560447
BK0021-C,ERR1560375
BK0022-C,ERR1560448
BK0022-C,ERR1560376
BK0022-C,ERR1560412
BK0023-C,ERR1560377
BK0023-C,ERR1560413
BK0023-C,ERR1560449
BK0024-C,ERR1560378
BK0024-C,ERR1560414
BK0024-C,ERR1560450
BK0025-C,ERR1560379
BK0025-C,ERR1560415
BK0025-C,ERR1560451
BK0026-C,ERR1560416
BK0026-C,ERR1560452
BK0026-C,ERR1560380
BK0027-C,ERR1560381
BK0027-C,ERR1560417
BK0027-C,ERR1560453
BK0029-C,ERR1560382
BK0029-C,ERR1560418
BK0029-C,ERR1560454
BK0030-C,ERR1560383
BK0030-C,ERR1560419
BK0030-C,ERR1560455
BK0031-C,ERR1560384
BK0031-C,ERR1560420
BK0031-C,ERR1560456
BK0032-C,ERR1560457
BK0032-C,ERR1560421
BK0032-C,ERR1560385
BK0033-C,ERR1560386
BK0033-C,ERR1560422
BK0033-C,ERR1560458
BK0034-C,ERR1560387
BK0034-C,ERR1560423
BK0034-C,ERR1560459
BK0035-C,ERR1560460
BK0035-C,ERR1560388
BK0035-C,ERR1560424
BK0037-C,ERR1560461
BK0037-C,ERR1560425
BK0037-C,ERR1560389
BK0038-C,ERR1560390
BK0038-C,ERR1560426
BK0038-C,ERR1560462
BK0039-C,ERR1560463
BK0039-C,ERR1560391
BK0039-C,ERR1560427
BK0040-C,ERR1560428
BK0040-C,ERR1560464
BK0040-C,ERR1560392
BK0041-C,ERR1560429
BK0041-C,ERR1560465
BK0041-C,ERR1560393
BK0042-C,ERR1560286
BK0042-C,ERR1560250
BK0042-C,ERR1560214
BK0043-C,ERR1560215
BK0043-C,ERR1560251
BK0043-C,ERR1560287
BK0045-C,ERR1560216
BK0045-C,ERR1560252
BK0045-C,ERR1560288
BK0046-C,ERR1560217
BK0046-C,ERR1560253
BK0046-C,ERR1560289
BK0047-C,ERR1560254
BK0047-C,ERR1560290
BK0047-C,ERR1560218
BK0048-C,ERR1560219
BK0048-C,ERR1560255
BK0048-C,ERR1560291
BK0049-C,ERR1560220
BK0049-C,ERR1560256
BK0049-C,ERR1560292
BK0050-C,ERR1560221
BK0050-C,ERR1560257
BK0050-C,ERR1560293
BK0051-C,ERR1560294
BK0051-C,ERR1560222
BK0051-C,ERR1560258
BK0053-C,ERR1560295
BK0053-C,ERR1560259
BK0053-C,ERR1560223
BK0054-C,ERR1560224
BK0054-C,ERR1560260
BK0054-C,ERR1560296
BK0055-C,ERR1560225
BK0055-C,ERR1560261
BK0055-C,ERR1560297
BK0056-C,ERR1560226
BK0056-C,ERR1560262
BK0056-C,ERR1560298
BK0057-C,ERR1560263
BK0057-C,ERR1560299
BK0057-C,ERR1560227
BK0058-C,ERR1560228
BK0058-C,ERR1560264
BK0058-C,ERR1560300
BK0059-C,ERR1560229
BK0059-C,ERR1560265
BK0059-C,ERR1560301
BK0061-C,ERR1560230
BK0061-C,ERR1560266
BK0061-C,ERR1560302
BK0062-C,ERR1560303
BK0062-C,ERR1560231
BK0062-C,ERR1560267
BK0063-C,ERR1560268
BK0063-C,ERR1560304
BK0063-C,ERR1560232
BK0064-C,ERR1560233
BK0064-C,ERR1560269
BK0064-C,ERR1560305
BK0065-C,ERR1560234
BK0065-C,ERR1560270
BK0065-C,ERR1560306
BK0066-C,ERR1560235
BK0066-C,ERR1560271
BK0066-C,ERR1560307
BK0067-C,ERR1560272
BK0067-C,ERR1560308
BK0067-C,ERR1560236
BK0069-C,ERR1560237
BK0069-C,ERR1560273
BK0069-C,ERR1560309
BK0070-C,ERR1560238
BK0070-C,ERR1560274
BK0070-C,ERR1560310
BK0071-C,ERR1560239
BK0071-C,ERR1560275
BK0071-C,ERR1560311
BK0072-C,ERR1560312
BK0072-C,ERR1560240
BK0072-C,ERR1560276
BK0074-C,ERR1560313
BK0074-C,ERR1560241
BK0074-C,ERR1560277
BK0077-C,ERR1560242
BK0077-C,ERR1560278
BK0077-C,ERR1560314
BK0078-C,ERR1560243
BK0078-C,ERR1560279
BK0078-C,ERR1560315
BK0080-C,ERR1560244
BK0080-C,ERR1560280
BK0080-C,ERR1560316
BK0081-C,ERR1560317
BK0081-C,ERR1560245
BK0081-C,ERR1560281
BK0082-C,ERR1560246
BK0082-C,ERR1560282
BK0082-C,ERR1560318
BK0083-C,ERR1560247
BK0083-C,ERR1560283
BK0083-C,ERR1560319
BK0085-C,ERR1560284
BK0085-C,ERR1560248
BK0085-C,ERR1560320
BK0086-C,ERR1560285
BK0086-C,ERR1560249
BK0086-C,ERR1560321
BK0094-CW,ERR2496823
BK0094-CW,ERR2496788
BK0094-CW,ERR2496858
AY0006-C,ERR388011
AY0006-C,ERR388131
AY0006-C,ERR388143
AY0007-C,ERR387999
AY0007-C,ERR388107
AY0007-C,ERR388119
AY0010-C,ERR403973
AY0010-C,ERR388214
AY0010-C,ERR403961
AY0011-C,ERR388147
AY0011-C,ERR388135
AY0011-C,ERR388015
AY0012-C,ERR388016
AY0012-C,ERR388136
AY0012-C,ERR388148
AY0013-C,ERR403833
AY0013-C,ERR403821
AY0013-C,ERR403809
AY0014-C,ERR387956
AY0014-C,ERR388028
AY0014-C,ERR404038
AY0015-C,ERR387918
AY0015-C,ERR387906
AY0015-C,ERR376596
AY0016-C,ERR387895
AY0016-C,ERR387883
AY0016-C,ERR376585
AY0017-C,ERR403819
AY0017-C,ERR403831
AY0017-C,ERR403807
AY0018-C,ERR388120
AY0018-C,ERR388108
AY0018-C,ERR388000
AY0019-C,ERR388109
AY0019-C,ERR388001
AY0019-C,ERR388121
AY0020-C,ERR376605
AY0020-C,ERR387927
AY0020-C,ERR387939
AY0021-C,ERR387880
AY0021-C,ERR376582
AY0021-C,ERR387892
AY0023-C,ERR388099
AY0023-C,ERR387991
AY0023-C,ERR388087
AY0024-C,ERR404012
AY0024-C,ERR404024
AY0024-C,ERR388241
AY0025-C,ERR387752
AY0025-C,ERR403800
AY0025-C,ERR403788
AY0026-C,ERR388060
AY0026-C,ERR388072
AY0026-C,ERR387976
AY0027-C,ERR387847
AY0027-C,ERR387835
AY0027-C,ERR376561
AY0028-C,ERR404033
AY0028-C,ERR388023
AY0028-C,ERR387951
AY0029-C,ERR403795
AY0029-C,ERR403783
AY0029-C,ERR387747
AY0031-C,ERR387868
AY0031-C,ERR387856
AY0031-C,ERR376570
AY0032-C,ERR376558
AY0032-C,ERR387844
AY0032-C,ERR387832
AY0033-C,ERR376545
AY0033-C,ERR387819
AY0033-C,ERR387807
AY0034-C,ERR387798
AY0034-C,ERR387786
AY0034-C,ERR376536
AY0035-C,ERR388215
AY0035-C,ERR403962
AY0035-C,ERR403974
AY0036-C,ERR403834
AY0036-C,ERR403822
AY0036-C,ERR403810
AY0038-C,ERR388088
AY0038-C,ERR388100
AY0038-C,ERR387992
AY0039-C,ERR387915
AY0039-C,ERR376593
AY0039-C,ERR387903
AY0040-C,ERR387748
AY0040-C,ERR403784
AY0040-C,ERR403796
AY0041-C,ERR388085
AY0041-C,ERR387989
AY0041-C,ERR388097
AY0042-C,ERR376594
AY0042-C,ERR387916
AY0042-C,ERR387904
AY0043-C,ERR403808
AY0043-C,ERR403820
AY0043-C,ERR403832
AY0044-C,ERR388048
AY0044-C,ERR387964
AY0044-C,ERR388036
AY0045-C,ERR387893
AY0045-C,ERR387881
AY0045-C,ERR376583
AY0046-C,ERR387750
AY0046-C,ERR403786
AY0046-C,ERR403798
AY0047-C,ERR403950
AY0047-C,ERR403938
AY0047-C,ERR388203
AY0048-C,ERR404000
AY0048-C,ERR403988
AY0048-C,ERR388229
AY0049-C,ERR387941
AY0049-C,ERR376607
AY0049-C,ERR387929
AY0050-C,ERR387987
AY0050-C,ERR388095
AY0050-C,ERR388083
AY0052-C,ERR387879
AY0052-C,ERR387891
AY0052-C,ERR376581
AY0053-C,ERR388238
AY0053-C,ERR404009
AY0053-C,ERR404021
AY0054-C,ERR387749
AY0054-C,ERR403797
AY0054-C,ERR403785
AY0055-C,ERR376535
AY0055-C,ERR387785
AY0055-C,ERR387797
AY0056-C,ERR403998
AY0056-C,ERR403986
AY0056-C,ERR388227
AY0057-C,ERR387751
AY0057-C,ERR403799
AY0057-C,ERR403787
AY0058-C,ERR403811
AY0058-C,ERR403835
AY0058-C,ERR403823
AY0059-C,ERR376560
AY0059-C,ERR387846
AY0059-C,ERR387834
AY0060-C,ERR387848
AY0060-C,ERR387836
AY0060-C,ERR376562
AY0061-C,ERR376569
AY0061-C,ERR387855
AY0061-C,ERR387867
AY0062-C,ERR387784
AY0062-C,ERR376534
AY0062-C,ERR387796
AY0063-C,ERR388013
AY0063-C,ERR388133
AY0063-C,ERR388145
AY0064-C,ERR376557
AY0064-C,ERR387831
AY0064-C,ERR387843
AY0065-C,ERR388239
AY0065-C,ERR404010
AY0065-C,ERR404022
AY0066-C,ERR404011
AY0066-C,ERR388240
AY0066-C,ERR404023
AY0067-C,ERR387845
AY0067-C,ERR387833
AY0067-C,ERR376559
AY0068-C,ERR387882
AY0068-C,ERR376584
AY0068-C,ERR387894
AY0069-C,ERR403801
AY0069-C,ERR403789
AY0069-C,ERR387753
AY0070-C,ERR387754
AY0070-C,ERR403790
AY0070-C,ERR403802
AY0071-C,ERR387965
AY0071-C,ERR388037
AY0071-C,ERR388049
AY0072-C,ERR376533
AY0072-C,ERR387795
AY0072-C,ERR387783
AY0073-C,ERR388024
AY0073-C,ERR404034
AY0073-C,ERR387952
AY0074-C,ERR403997
AY0074-C,ERR403985
AY0074-C,ERR388226
AY0075-C,ERR387954
AY0075-C,ERR388026
AY0075-C,ERR404036
AY0076-C,ERR388111
AY0076-C,ERR388003
AY0076-C,ERR388123
AY0077-C,ERR387928
AY0077-C,ERR376606
AY0077-C,ERR387940
AY0078-C,ERR376537
AY0078-C,ERR387787
AY0078-C,ERR387799
AY0079-C,ERR388004
AY0079-C,ERR388112
AY0079-C,ERR388124
AY0080-C,ERR404025
AY0080-C,ERR388242
AY0080-C,ERR404013
AY0082-C,ERR388005
AY0082-C,ERR388113
AY0082-C,ERR388125
AY0083-C,ERR388132
AY0083-C,ERR388144
AY0083-C,ERR388012
AY0084-C,ERR387953
AY0084-C,ERR388025
AY0084-C,ERR404035
AY0085-C,ERR388098
AY0085-C,ERR388086
AY0085-C,ERR387990
AY0086-C,ERR388122
AY0086-C,ERR388002
AY0086-C,ERR388110
AY0087-C,ERR388035
AY0087-C,ERR388047
AY0087-C,ERR387963
AY0088-C,ERR387905
AY0088-C,ERR376595
AY0088-C,ERR387917
AY0089-C,ERR403999
AY0089-C,ERR403987
AY0089-C,ERR388228
AY0090-C,ERR388071
AY0090-C,ERR387975
AY0090-C,ERR388059
AY0091-C,ERR376571
AY0091-C,ERR387857
AY0091-C,ERR387869
AY0092-C,ERR388029
AY0092-C,ERR404039
AY0092-C,ERR387957
AN0007-C,ERR320090
AN0007-C,ERR323532
AN0007-C,ERR323544
AN0008-C,ERR317379
AN0008-C,ERR323484
AN0008-C,ERR323496
AN0009-C,ERR317382
AN0009-C,ERR323487
AN0009-C,ERR323499
AN0010-C,ERR317296
AN0010-C,ERR340904
AN0010-C,ERR340916
AN0011-C,ERR323550
AN0011-C,ERR323538
AN0011-C,ERR320096
AN0012-C,ERR317297
AN0012-C,ERR340905
AN0012-C,ERR340917
AN0013-C,ERR317374
AN0013-C,ERR323479
AN0013-C,ERR323491
AN0014-C,ERR317381
AN0014-C,ERR323486
AN0014-C,ERR323498
AN0015-C,ERR320089
AN0015-C,ERR323531
AN0015-C,ERR323543
AN0016-C,ERR340921
AN0016-C,ERR340909
AN0016-C,ERR317301
AN0017-Cx,ERR495743
AN0017-Cx,ERR501980
AN0017-Cx,ERR502028
AN0018-C,ERR326914
AN0018-C,ERR331648
AN0018-C,ERR331660
AN0019-C,ERR320093
AN0019-C,ERR323535
AN0019-C,ERR323547
AN0020-C,ERR320091
AN0020-C,ERR323533
AN0020-C,ERR323545
AN0021-C,ERR323539
AN0021-C,ERR323527
AN0021-C,ERR320085
AN0022-C,ERR317385
AN0022-C,ERR323490
AN0022-C,ERR323502
AN0023-C,ERR317378
AN0023-C,ERR323483
AN0023-C,ERR323495
AN0024-C,ERR317293
AN0024-C,ERR340901
AN0024-C,ERR340913
AN0025-Cx,ERR495745
AN0025-Cx,ERR501982
AN0025-Cx,ERR502030
AN0026-Cx,ERR502026
AN0026-Cx,ERR495741
AN0026-Cx,ERR501978
AN0027-C,ERR317291
AN0027-C,ERR340899
AN0027-C,ERR340911
AN0028-C,ERR326918
AN0028-C,ERR331652
AN0028-C,ERR331664
AN0029-C,ERR317377
AN0029-C,ERR323482
AN0029-C,ERR323494
AN0030-C,ERR340907
AN0030-C,ERR340919
AN0030-C,ERR317299
AN0031-C,ERR317384
AN0031-C,ERR323489
AN0031-C,ERR323501
AN0032-C,ERR317376
AN0032-C,ERR323481
AN0032-C,ERR323493
AN0033-C,ERR317300
AN0033-C,ERR340908
AN0033-C,ERR340920
AN0034-C,ERR323500
AN0034-C,ERR317383
AN0034-C,ERR323488
AN0035-C,ERR340915
AN0035-C,ERR340903
AN0035-C,ERR317295
AN0036-C,ERR317375
AN0036-C,ERR323480
AN0036-C,ERR323492
AN0037-C,ERR317292
AN0037-C,ERR340900
AN0037-C,ERR340912
AN0038-C,ERR320087
AN0038-C,ERR323529
AN0038-C,ERR323541
AN0039-C,ERR323530
AN0039-C,ERR323542
AN0039-C,ERR320088
AN0040-C,ERR320092
AN0040-C,ERR323534
AN0040-C,ERR323546
AN0041-C,ERR320095
AN0041-C,ERR323537
AN0041-C,ERR323549
AN0042-C,ERR317380
AN0042-C,ERR323485
AN0042-C,ERR323497
AN0043-C,ERR323540
AN0043-C,ERR320086
AN0043-C,ERR323528
AN0044-C,ERR340906
AN0044-C,ERR340918
AN0044-C,ERR317298
AN0045-C,ERR323565
AN0045-C,ERR323553
AN0045-C,ERR320099
AN0046-C,ERR320104
AN0046-C,ERR323558
AN0046-C,ERR323570
AN0047-C,ERR320098
AN0047-C,ERR323552
AN0047-C,ERR323564
AN0048-C,ERR320107
AN0048-C,ERR323561
AN0048-C,ERR323573
AN0049-C,ERR323562
AN0049-C,ERR323574
AN0049-C,ERR320108
AN0050-C,ERR320100
AN0050-C,ERR323554
AN0050-C,ERR323566
AN0051-C,ERR317290
AN0051-C,ERR340898
AN0051-C,ERR340910
AN0053-C,ERR320094
AN0053-C,ERR323536
AN0053-C,ERR323548
AN0054-C,ERR340914
AN0054-C,ERR317294
AN0054-C,ERR340902
AN0055-C,ERR323555
AN0055-C,ERR323567
AN0055-C,ERR320101
AN0056-C,ERR326840
AN0056-C,ERR331514
AN0056-C,ERR331526
AN0057-C,ERR326839
AN0057-C,ERR331513
AN0057-C,ERR331525
AN0058-C,ERR320097
AN0058-C,ERR323551
AN0058-C,ERR323563
AN0059-C,ERR331531
AN0059-C,ERR326845
AN0059-C,ERR331519
AN0060-C,ERR323421
AN0060-C,ERR323409
AN0060-C,ERR317304
AN0061-Cx,ERR495736
AN0061-Cx,ERR501973
AN0061-Cx,ERR502021
AN0062-C,ERR317308
AN0062-C,ERR323413
AN0062-C,ERR323425
AN0063-Cx,ERR501925
AN0063-Cx,ERR491204
AN0063-Cx,ERR495688
AN0064-C,ERR331647
AN0064-C,ERR331659
AN0064-C,ERR326913
AN0065-Cx,ERR495691
AN0065-Cx,ERR501928
AN0065-Cx,ERR491207
AN0066-C,ERR320105
AN0066-C,ERR323559
AN0066-C,ERR323571
AN0067-Cx,ERR491209
AN0067-Cx,ERR495693
AN0067-Cx,ERR501930
AN0068-Cx,ERR491203
AN0068-Cx,ERR495687
AN0068-Cx,ERR501924
AN0069-C,ERR326847
AN0069-C,ERR331521
AN0069-C,ERR331533
AN0070-C,ERR331655
AN0070-C,ERR331643
AN0070-C,ERR326909
AN0071-C,ERR317311
AN0071-C,ERR323416
AN0071-C,ERR323428
AN0072-Cx,ERR495746
AN0072-Cx,ERR501983
AN0072-Cx,ERR502031
AN0073-C,ERR317305
AN0073-C,ERR323410
AN0073-C,ERR323422
AN0074-C,ERR317302
AN0074-C,ERR323407
AN0074-C,ERR323419
AN0075-Cx,ERR501929
AN0075-Cx,ERR495692
AN0075-Cx,ERR491208
AN0076-C,ERR317303
AN0076-C,ERR323408
AN0076-C,ERR323420
AN0077-C,ERR326912
AN0077-C,ERR331646
AN0077-C,ERR331658
AN0078-C,ERR326844
AN0078-C,ERR331518
AN0078-C,ERR331530
AN0079-C,ERR323426
AN0079-C,ERR323414
AN0079-C,ERR317309
AN0080-C,ERR320102
AN0080-C,ERR323556
AN0080-C,ERR323568
AN0081-C,ERR317310
AN0081-C,ERR323415
AN0081-C,ERR323427
AN0082-C,ERR317307
AN0082-C,ERR323412
AN0082-C,ERR323424
AN0083-C,ERR323581
AN0083-C,ERR323593
AN0083-C,ERR320115
AN0084-C,ERR323417
AN0084-C,ERR323429
AN0084-C,ERR317312
AN0085-C,ERR323597
AN0085-C,ERR323585
AN0085-C,ERR320119
AN0086-C,ERR320118
AN0086-C,ERR323584
AN0086-C,ERR323596
AN0087-C,ERR317306
AN0087-C,ERR323411
AN0087-C,ERR323423
AN0088-C,ERR326916
AN0088-C,ERR331650
AN0088-C,ERR331662
AN0089-C,ERR323557
AN0089-C,ERR323569
AN0089-C,ERR320103
AN0090-C,ERR320106
AN0090-C,ERR323560
AN0090-C,ERR323572
AN0091-C,ERR320111
AN0091-C,ERR323577
AN0091-C,ERR323589
AN0092-C,ERR317325
AN0092-C,ERR323442
AN0092-C,ERR323454
AN0093-C,ERR323449
AN0093-C,ERR317320
AN0093-C,ERR323437
AN0094-C,ERR323583
AN0094-C,ERR323595
AN0094-C,ERR320117
AN0095-C,ERR326911
AN0095-C,ERR331645
AN0095-C,ERR331657
AN0096-C,ERR320109
AN0096-C,ERR323575
AN0096-C,ERR323587
AN0097-C,ERR320110
AN0097-C,ERR323576
AN0097-C,ERR323588
AN0098-C,ERR323592
AN0098-C,ERR320114
AN0098-C,ERR323580
AN0099-C,ERR323451
AN0099-C,ERR323439
AN0099-C,ERR317322
AN0100-C,ERR317313
AN0100-C,ERR323418
AN0100-C,ERR323430
AN0101-Cx,ERR491214
AN0101-Cx,ERR495698
AN0101-Cx,ERR501935
AN0102-C,ERR323447
AN0102-C,ERR317318
AN0102-C,ERR323435
AN0103-C,ERR323440
AN0103-C,ERR323452
AN0103-C,ERR317323
AN0104-C,ERR323578
AN0104-C,ERR323590
AN0104-C,ERR320112
AN0105-C,ERR320116
AN0105-C,ERR323582
AN0105-C,ERR323594
AN0106-C,ERR320113
AN0106-C,ERR323579
AN0106-C,ERR323591
AN0107-C,ERR320120
AN0107-C,ERR323586
AN0107-C,ERR323598
AN0108-C,ERR317319
AN0108-C,ERR323436
AN0108-C,ERR323448
AN0109-C,ERR323443
AN0109-C,ERR323431
AN0109-C,ERR317314
AN0111-C,ERR326927
AN0111-C,ERR331673
AN0111-C,ERR331685
AN0112-Cx,ERR491212
AN0112-Cx,ERR495696
AN0112-Cx,ERR501933
AN0113-C,ERR317324
AN0113-C,ERR323441
AN0113-C,ERR323453
AN0114-C,ERR317317
AN0114-C,ERR323434
AN0114-C,ERR323446
AN0115-C,ERR331608
AN0115-C,ERR327114
AN0115-C,ERR326850
AN0117-C,ERR326860
AN0117-C,ERR327124
AN0117-C,ERR331618
AN0118-Cx,ERR491218
AN0118-Cx,ERR495702
AN0118-Cx,ERR501939
AN0119-C,ERR326857
AN0119-C,ERR327121
AN0119-C,ERR331615
AN0120-C,ERR323450
AN0120-C,ERR323438
AN0120-C,ERR317321
AN0121-Cx,ERR491221
AN0121-Cx,ERR495705
AN0121-Cx,ERR501942
AN0122-C,ERR326921
AN0122-C,ERR331667
AN0122-C,ERR331679
AN0123-Cx,ERR495671
AN0123-Cx,ERR501872
AN0123-Cx,ERR501884
AN0124-C,ERR323432
AN0124-C,ERR323444
AN0124-C,ERR317315
AN0125-Cx,ERR495749
AN0125-Cx,ERR501986
AN0125-Cx,ERR491253
AN0126-C,ERR331682
AN0126-C,ERR331670
AN0126-C,ERR326924
AN0127-Cx,ERR491225
AN0127-Cx,ERR495709
AN0127-Cx,ERR501946
AN0128-C,ERR326849
AN0128-C,ERR327113
AN0128-C,ERR331607
AN0129-C,ERR326853
AN0129-C,ERR327117
AN0129-C,ERR331611
AN0130-C,ERR340932
AN0130-C,ERR340944
AN0130-C,ERR317336
AN0131-C,ERR317337
AN0131-C,ERR340933
AN0131-C,ERR340945
AN0132-Cx,ERR491261
AN0132-Cx,ERR495757
AN0132-Cx,ERR501994
AN0133-Cx,ERR491262
AN0133-Cx,ERR495758
AN0133-Cx,ERR501995
AN0134-Cx,ERR501991
AN0134-Cx,ERR491258
AN0134-Cx,ERR495754
AN0135-Cx,ERR501842
AN0135-Cx,ERR501854
AN0135-Cx,ERR495605
AN0136-Cx,ERR491252
AN0136-Cx,ERR495748
AN0136-Cx,ERR501985
AN0137-C,ERR317316
AN0137-C,ERR323433
AN0137-C,ERR323445
AN0138-C,ERR317328
AN0138-C,ERR340924
AN0138-C,ERR340936
AN0139-C,ERR323615
AN0139-C,ERR320125
AN0139-C,ERR323603
AN0140-C,ERR323611
AN0140-C,ERR323599
AN0140-C,ERR320121
AN0141-C,ERR320126
AN0141-C,ERR323604
AN0141-C,ERR323616
AN0142-C,ERR320122
AN0142-C,ERR323600
AN0142-C,ERR323612
AN0143-C,ERR331614
AN0143-C,ERR326856
AN0143-C,ERR327120
AN0144-C,ERR323602
AN0144-C,ERR323614
AN0144-C,ERR320124
AN0146-C,ERR323607
AN0146-C,ERR323619
AN0146-C,ERR320129
AN0147-C,ERR320123
AN0147-C,ERR323601
AN0147-C,ERR323613
AN0148-C,ERR320130
AN0148-C,ERR323608
AN0148-C,ERR323620
AN0149-C,ERR326854
AN0149-C,ERR327118
AN0149-C,ERR331612
AN0151-C,ERR317329
AN0151-C,ERR340925
AN0151-C,ERR340937
AN0152-C,ERR323638
AN0152-C,ERR323626
AN0152-C,ERR320136
AN0153-C,ERR320138
AN0153-C,ERR323628
AN0153-C,ERR323640
AN0154-C,ERR320140
AN0154-C,ERR323630
AN0154-C,ERR323642
AN0155-C,ERR320144
AN0155-C,ERR323634
AN0155-C,ERR323646
AN0156-C,ERR320133
AN0156-C,ERR323623
AN0156-C,ERR323635
AN0157-Cx,ERR501993
AN0157-Cx,ERR495756
AN0157-Cx,ERR491260
AN0158-C,ERR317327
AN0158-C,ERR340923
AN0158-C,ERR340935
AN0159-Cx,ERR491224
AN0159-Cx,ERR495708
AN0159-Cx,ERR501945
AN0160-Cx,ERR491259
AN0160-Cx,ERR495755
AN0160-Cx,ERR501992
AN0162-Cx,ERR501938
AN0162-Cx,ERR495701
AN0162-Cx,ERR491217
AN0163-C,ERR326926
AN0163-C,ERR331672
AN0163-C,ERR331684
AN0164-C,ERR326864
AN0164-C,ERR331538
AN0164-C,ERR331550
AN0165-C,ERR326936
AN0165-C,ERR328679
AN0165-C,ERR328691
AN0166-C,ERR323624
AN0166-C,ERR323636
AN0166-C,ERR320134
AN0167-C,ERR340927
AN0167-C,ERR340939
AN0167-C,ERR317331
AN0168-C,ERR331549
AN0168-C,ERR331537
AN0168-C,ERR326863
AN0169-C,ERR317326
AN0169-C,ERR340922
AN0169-C,ERR340934
AN0170-C,ERR326944
AN0170-C,ERR328687
AN0170-C,ERR328699
AN0171-C,ERR317335
AN0171-C,ERR340931
AN0171-C,ERR340943
AN0172-C,ERR320141
AN0172-C,ERR323631
AN0172-C,ERR323643
AN0173-C,ERR343628
AN0173-C,ERR343460
AN0173-C,ERR343616
AN0174-Cx,ERR491156
AN0174-Cx,ERR502081
AN0174-Cx,ERR506120
AN0174-Cx,ERR506132
AN0175-C,ERR320135
AN0175-C,ERR323625
AN0175-C,ERR323637
AN0176-C,ERR331547
AN0176-C,ERR326861
AN0176-C,ERR331535
AN0177-C,ERR331543
AN0177-C,ERR331555
AN0177-C,ERR326869
AN0178-C,ERR320142
AN0178-C,ERR323632
AN0178-C,ERR323644
AN0179-C,ERR320143
AN0179-C,ERR323633
AN0179-C,ERR323645
AN0180-C,ERR320139
AN0180-C,ERR323629
AN0180-C,ERR323641
AN0181-C,ERR323639
AN0181-C,ERR320137
AN0181-C,ERR323627
AN0182-C,ERR323665
AN0182-C,ERR323653
AN0182-C,ERR320151
AN0183-C,ERR317333
AN0183-C,ERR340929
AN0183-C,ERR340941
AN0184-C,ERR326866
AN0184-C,ERR331540
AN0184-C,ERR331552
AN0185-C,ERR340938
AN0185-C,ERR317330
AN0185-C,ERR340926
AN0186-Cx,ERR506123
AN0186-Cx,ERR506135
AN0186-Cx,ERR491159
AN0186-Cx,ERR502084
AN0187-C,ERR331558
AN0187-C,ERR326872
AN0187-C,ERR331546
AN0188-C,ERR326867
AN0188-C,ERR331541
AN0188-C,ERR331553
AN0189-C,ERR317334
AN0189-C,ERR340930
AN0189-C,ERR340942
AN0190-C,ERR326870
AN0190-C,ERR331544
AN0190-C,ERR331556
AN0191-C,ERR326865
AN0191-C,ERR331539
AN0191-C,ERR331551
AN0192-C,ERR331548
AN0192-C,ERR326862
AN0192-C,ERR331536
AN0193-Cx,ERR491160
AN0193-Cx,ERR502085
AN0193-Cx,ERR506124
AN0193-Cx,ERR506136
AN0194-C,ERR326883
AN0194-C,ERR331569
AN0194-C,ERR331581
AN0195-Cx,ERR495606
AN0195-Cx,ERR501843
AN0195-Cx,ERR501855
AN0196-C,ERR331557
AN0196-C,ERR331545
AN0196-C,ERR326871
AN0197-Cx,ERR491161
AN0197-Cx,ERR502086
AN0197-Cx,ERR506125
AN0197-Cx,ERR506137
AN0198-C,ERR326868
AN0198-C,ERR331542
AN0198-C,ERR331554
AN0199-C,ERR326933
AN0199-C,ERR328676
AN0199-C,ERR328688
AN0200-C,ERR331577
AN0200-C,ERR331565
AN0200-C,ERR326879
AN0201-Cx,ERR491227
AN0201-Cx,ERR495711
AN0201-Cx,ERR501948
AN0202-Cx,ERR491238
AN0202-Cx,ERR495722
AN0202-Cx,ERR501959
AN0203-Cx,ERR491162
AN0203-Cx,ERR502087
AN0203-Cx,ERR506126
AN0203-Cx,ERR506138
AN0204-C,ERR323466
AN0204-C,ERR323478
AN0204-C,ERR317349
AN0205-C,ERR323468
AN0205-C,ERR323456
AN0205-C,ERR317339
AN0206-C,ERR317346
AN0206-C,ERR323463
AN0206-C,ERR323475
AN0207-C,ERR320154
AN0207-C,ERR323656
AN0207-C,ERR323668
AN0208-C,ERR326878
AN0208-C,ERR331564
AN0208-C,ERR331576
AN0209-C,ERR317332
AN0209-C,ERR340928
AN0209-C,ERR340940
AN0210-Cx,ERR501957
AN0210-Cx,ERR495720
AN0210-Cx,ERR491236
AN0212-C,ERR320147
AN0212-C,ERR323649
AN0212-C,ERR323661
AN0213-C,ERR320146
AN0213-C,ERR323648
AN0213-C,ERR323660
AN0214-C,ERR317347
AN0214-C,ERR323464
AN0214-C,ERR323476
AN0215-C,ERR326874
AN0215-C,ERR331560
AN0215-C,ERR331572
AN0217-C,ERR323669
AN0217-C,ERR320155
AN0217-C,ERR323657
AN0218-C,ERR320149
AN0218-C,ERR323651
AN0218-C,ERR323663
AN0219-C,ERR317343
AN0219-C,ERR323460
AN0219-C,ERR323472
AN0220-C,ERR317340
AN0220-C,ERR323457
AN0220-C,ERR323469
AN0221-C,ERR323471
AN0221-C,ERR317342
AN0221-C,ERR323459
AN0222-Cx,ERR501952
AN0222-Cx,ERR491231
AN0222-Cx,ERR495715
AN0223-C,ERR326942
AN0223-C,ERR328685
AN0223-C,ERR328697
AN0224-Cx,ERR491165
AN0224-Cx,ERR502090
AN0224-Cx,ERR506129
AN0224-Cx,ERR506141
AN0225-Cx,ERR495713
AN0225-Cx,ERR491229
AN0225-Cx,ERR501950
AN0226-Cx,ERR506162
AN0226-Cx,ERR506150
AN0226-Cx,ERR502099
AN0226-Cx,ERR491174
AN0227-Cx,ERR491234
AN0227-Cx,ERR495718
AN0227-Cx,ERR501955
AN0228-C,ERR343443
AN0228-C,ERR343587
AN0228-C,ERR343599
AN0229-Cx,ERR491230
AN0229-Cx,ERR495714
AN0229-Cx,ERR501951
AN0230-Cx,ERR506147
AN0230-Cx,ERR506159
AN0230-Cx,ERR491171
AN0230-Cx,ERR502096
AN0231-Cx,ERR491172
AN0231-Cx,ERR502097
AN0231-Cx,ERR506148
AN0231-Cx,ERR506160
AN0232-C,ERR326935
AN0232-C,ERR328678
AN0232-C,ERR328690
AN0233-C,ERR326941
AN0233-C,ERR328684
AN0233-C,ERR328696
AN0234-C,ERR331579
AN0234-C,ERR326881
AN0234-C,ERR331567
AN0235-C,ERR331693
AN0235-C,ERR326947
AN0235-C,ERR327127
AN0236-Cx,ERR491176
AN0236-Cx,ERR502101
AN0236-Cx,ERR506152
AN0236-Cx,ERR506164
AN0237-Cx,ERR491249
AN0237-Cx,ERR495733
AN0237-Cx,ERR501970
AN0238-C,ERR317338
AN0238-C,ERR323455
AN0238-C,ERR323467
AN0239-C,ERR323477
AN0239-C,ERR317348
AN0239-C,ERR323465
AN0240-C,ERR326889
AN0240-C,ERR331587
AN0240-C,ERR331599
AN0241-C,ERR326893
AN0241-C,ERR331591
AN0241-C,ERR331603
AN0242-C,ERR323670
AN0242-C,ERR320156
AN0242-C,ERR323658
AN0243-C,ERR343517
AN0243-C,ERR343529
AN0243-C,ERR317356
AN0244-C,ERR327126
AN0244-C,ERR331692
AN0244-C,ERR326946
AN0245-C,ERR326887
AN0245-C,ERR331585
AN0245-C,ERR331597
AN0246-C,ERR317341
AN0246-C,ERR323458
AN0246-C,ERR323470
AN0247-C,ERR320150
AN0247-C,ERR323652
AN0247-C,ERR323664
AN0248-C,ERR320148
AN0248-C,ERR323650
AN0248-C,ERR323662
AN0250-C,ERR331595
AN0250-C,ERR331583
AN0250-C,ERR326885
AN0251-C,ERR320152
AN0251-C,ERR323654
AN0251-C,ERR323666
AN0252-C,ERR320161
AN0252-C,ERR323675
AN0252-C,ERR323687
AN0253-C,ERR317358
AN0253-C,ERR343519
AN0253-C,ERR343531
AN0254-C,ERR317351
AN0254-C,ERR343512
AN0254-C,ERR343524
AN0255-C,ERR323686
AN0255-C,ERR320160
AN0255-C,ERR323674
AN0256-C,ERR320145
AN0256-C,ERR323647
AN0256-C,ERR323659
AN0258-C,ERR320153
AN0258-C,ERR323655
AN0258-C,ERR323667
AN0259-Cx,ERR491175
AN0259-Cx,ERR502100
AN0259-Cx,ERR506151
AN0259-Cx,ERR506163
AN0260-C,ERR323688
AN0260-C,ERR320162
AN0260-C,ERR323676
AN0261-Cx,ERR491244
AN0261-Cx,ERR495728
AN0261-Cx,ERR501965
AN0262-C,ERR320165
AN0262-C,ERR323679
AN0262-C,ERR323691
AN0263-Cx,ERR501966
AN0263-Cx,ERR491245
AN0263-Cx,ERR495729
AN0264-C,ERR323673
AN0264-C,ERR323685
AN0264-C,ERR320159
AN0265-C,ERR343530
AN0265-C,ERR317357
AN0265-C,ERR343518
AN0266-C,ERR320168
AN0266-C,ERR323682
AN0266-C,ERR323694
AN0267-Cx,ERR491170
AN0267-Cx,ERR502095
AN0267-Cx,ERR506146
AN0267-Cx,ERR506158
AN0268-C,ERR326896
AN0268-C,ERR331594
AN0268-C,ERR331606
AN0269-C,ERR331590
AN0269-C,ERR331602
AN0269-C,ERR326892
AN0270-C,ERR320164
AN0270-C,ERR323678
AN0270-C,ERR323690
AN0271-C,ERR317354
AN0271-C,ERR343515
AN0271-C,ERR343527
AN0272-C,ERR320163
AN0272-C,ERR323677
AN0272-C,ERR323689
AN0275-C,ERR317359
AN0275-C,ERR343520
AN0275-C,ERR343532
AN0276-C,ERR323683
AN0276-C,ERR323671
AN0276-C,ERR320157
AN0277-C,ERR320158
AN0277-C,ERR323672
AN0277-C,ERR323684
AN0278-C,ERR326888
AN0278-C,ERR331586
AN0278-C,ERR331598
AN0279-C,ERR323693
AN0279-C,ERR320167
AN0279-C,ERR323681
AN0280-C,ERR331701
AN0280-C,ERR327135
AN0280-C,ERR326955
AN0281-C,ERR343496
AN0281-C,ERR346971
AN0281-C,ERR346983
AN0282-Cx,ERR501858
AN0282-Cx,ERR495609
AN0282-Cx,ERR501846
AN0283-Cx,ERR506143
AN0283-Cx,ERR506155
AN0283-Cx,ERR491167
AN0283-Cx,ERR502092
AN0284-Cx,ERR506176
AN0284-Cx,ERR506188
AN0284-Cx,ERR491188
AN0284-Cx,ERR502113
AN0285-C,ERR328701
AN0285-C,ERR328713
AN0285-C,ERR326958
AN0286-Cx,ERR506185
AN0286-Cx,ERR506173
AN0286-Cx,ERR491185
AN0286-Cx,ERR502110
AN0287-Cx,ERR491187
AN0287-Cx,ERR502112
AN0287-Cx,ERR506175
AN0287-Cx,ERR506187
AN0288-Cx,ERR491181
AN0288-Cx,ERR502106
AN0288-Cx,ERR506169
AN0288-Cx,ERR506181
AN0289-C,ERR343495
AN0289-C,ERR346970
AN0289-C,ERR346982
AN0290-Cx,ERR506183
AN0290-Cx,ERR506171
AN0290-Cx,ERR502108
AN0290-Cx,ERR491183
AN0291-Cx,ERR491182
AN0291-Cx,ERR502107
AN0291-Cx,ERR506170
AN0291-Cx,ERR506182
AN0292-C,ERR343444
AN0292-C,ERR343588
AN0292-C,ERR343600
AN0293-Cx,ERR491178
AN0293-Cx,ERR502103
AN0293-Cx,ERR506154
AN0293-Cx,ERR506166
AN0294-C,ERR331697
AN0294-C,ERR326951
AN0294-C,ERR327131
AN0295-C,ERR343446
AN0295-C,ERR343590
AN0295-C,ERR343602
AN0296-Cx,ERR491179
AN0296-Cx,ERR502104
AN0296-Cx,ERR506167
AN0296-Cx,ERR506179
AN0297-C,ERR343482
AN0297-C,ERR343662
AN0297-C,ERR343674
AN0298-Cx,ERR506172
AN0298-Cx,ERR506184
AN0298-Cx,ERR502109
AN0298-Cx,ERR491184
AN0299-C,ERR326964
AN0299-C,ERR328707
AN0299-C,ERR328719
AN0300-C,ERR343461
AN0300-C,ERR343617
AN0300-C,ERR343629
AN0301-Cx,ERR491190
AN0301-Cx,ERR502115
AN0301-Cx,ERR506178
AN0301-Cx,ERR506190
AN0302-C,ERR343551
AN0302-C,ERR343539
AN0302-C,ERR317366
AN0303-C,ERR326894
AN0303-C,ERR331592
AN0303-C,ERR331604
AN0304-C,ERR317350
AN0304-C,ERR343511
AN0304-C,ERR343523
AN0305-C,ERR317355
AN0305-C,ERR343516
AN0305-C,ERR343528
AN0306-C,ERR317372
AN0306-C,ERR343545
AN0306-C,ERR343557
AN0307-C,ERR343554
AN0307-C,ERR317369
AN0307-C,ERR343542
AN0308-C,ERR343473
AN0308-C,ERR343641
AN0308-C,ERR343653
AN0309-Cx,ERR491189
AN0309-Cx,ERR502114
AN0309-Cx,ERR506177
AN0309-Cx,ERR506189
AN0310-C,ERR328744
AN0310-C,ERR326977
AN0310-C,ERR328732
AN0311-C,ERR347007
AN0311-C,ERR343508
AN0311-C,ERR346995
AN0312-C,ERR343483
AN0312-C,ERR343663
AN0312-C,ERR343675
AN0313-C,ERR317365
AN0313-C,ERR343538
AN0313-C,ERR343550
AN0314-C,ERR326979
AN0314-C,ERR328734
AN0314-C,ERR328746
AN0315-C,ERR343603
AN0315-C,ERR343447
AN0315-C,ERR343591
AN0316-C,ERR326886
AN0316-C,ERR331584
AN0316-C,ERR331596
AN0317-C,ERR326899
AN0317-C,ERR331621
AN0317-C,ERR331633
AN0318-C,ERR343540
AN0318-C,ERR317367
AN0318-C,ERR343552
AN0319-C,ERR343544
AN0319-C,ERR317371
AN0319-C,ERR343556
AN0320-C,ERR343543
AN0320-C,ERR317370
AN0320-C,ERR343555
AN0321-C,ERR331628
AN0321-C,ERR326906
AN0321-C,ERR331640
AB0293-C,ERR1638725
AB0293-C,ERR1702218
AB0293-C,ERR1702254
AB0294-C,ERR1638726
AB0294-C,ERR1702219
AB0294-C,ERR1702255
AB0295-C,ERR1638727
AB0295-C,ERR1702220
AB0295-C,ERR1702256
AB0297-C,ERR1702257
AB0297-C,ERR1638728
AB0297-C,ERR1702221
AN0418-C,ERR1638749
AN0418-C,ERR1702242
AN0418-C,ERR1702278
AN0419-C,ERR1702279
AN0419-C,ERR1638750
AN0419-C,ERR1702243
AN0421-C,ERR1702280
AN0421-C,ERR1638751
AN0421-C,ERR1702244
AN0423-C,ERR1638752
AN0423-C,ERR1702245
AN0423-C,ERR1702281
AN0424-C,ERR1638753
AN0424-C,ERR1702246
AN0424-C,ERR1702282
AN0425-C,ERR1702247
AN0425-C,ERR1638754
AN0425-C,ERR1702283
AN0426-C,ERR1638755
AN0426-C,ERR1702248
AN0426-C,ERR1702284
AN0427-C,ERR1702249
AN0427-C,ERR1702285
AN0427-C,ERR1638756
AN0428-C,ERR1702286
AN0428-C,ERR1638757
AN0428-C,ERR1702250
AN0430-C,ERR1638758
AN0430-C,ERR1702251
AN0430-C,ERR1702287
AN0431-C,ERR1638759
AN0431-C,ERR1702252
AN0431-C,ERR1702288
AN0433-C,ERR1702289
AN0433-C,ERR1702253
AN0433-C,ERR1638760
AN0434-C,ERR1638761
AN0434-C,ERR1658254
AN0434-C,ERR1658290
AN0435-C,ERR1638762
AN0435-C,ERR1658255
AN0435-C,ERR1658291
AN0436-C,ERR1658292
AN0436-C,ERR1658256
AN0436-C,ERR1638763
AN0437-C,ERR1638764
AN0437-C,ERR1658257
AN0437-C,ERR1658293
AN0438-C,ERR1638765
AN0438-C,ERR1658258
AN0438-C,ERR1658294
AN0440-C,ERR1638766
AN0440-C,ERR1658259
AN0440-C,ERR1658295
AN0442-C,ERR1658296
AN0442-C,ERR1638767
AN0442-C,ERR1658260
AN0443-C,ERR1658261
AN0443-C,ERR1658297
AN0443-C,ERR1638768
AN0444-C,ERR1658298
AN0444-C,ERR1638769
AN0444-C,ERR1658262
AN0445-C,ERR1638770
AN0445-C,ERR1658263
AN0445-C,ERR1658299
AN0448-C,ERR1638771
AN0448-C,ERR1658264
AN0448-C,ERR1658300
AN0449-C,ERR1658301
AN0449-C,ERR1658265
AN0449-C,ERR1638772
AN0451-C,ERR1638773
AN0451-C,ERR1658266
AN0451-C,ERR1658302
AN0453-C,ERR1638774
AN0453-C,ERR1658267
AN0453-C,ERR1658303
AN0454-C,ERR1658304
AN0454-C,ERR1658268
AN0454-C,ERR1638775
AN0455-C,ERR1638776
AN0455-C,ERR1658269
AN0455-C,ERR1658305
AN0457-C,ERR1638777
AN0457-C,ERR1658270
AN0457-C,ERR1658306
AN0458-C,ERR1658307
AN0458-C,ERR1658271
AN0458-C,ERR1638778
AN0460-C,ERR1638779
AN0460-C,ERR1658272
AN0460-C,ERR1658308
AN0466-C,ERR1638781
AN0466-C,ERR1658274
AN0466-C,ERR1658310
AN0468-C,ERR1658311
AN0468-C,ERR1658275
AN0468-C,ERR1638782
AN0469-C,ERR1638783
AN0469-C,ERR1658276
AN0469-C,ERR1658312
AN0470-C,ERR1638784
AN0470-C,ERR1658277
AN0470-C,ERR1658313
AN0471-C,ERR1638785
AN0471-C,ERR1658278
AN0471-C,ERR1658314
AN0474-C,ERR1638786
AN0474-C,ERR1658279
AN0474-C,ERR1658315
AN0475-C,ERR1658316
AN0475-C,ERR1658280
AN0475-C,ERR1638787
AN0476-C,ERR1638788
AN0476-C,ERR1658281
AN0476-C,ERR1658317
AN0477-C,ERR1638789
AN0477-C,ERR1658282
AN0477-C,ERR1658318
AN0478-C,ERR1638790
AN0478-C,ERR1658283
AN0478-C,ERR1658319
AN0479-C,ERR1638791
AN0479-C,ERR1658284
AN0479-C,ERR1658320
AN0480-C,ERR1658285
AN0480-C,ERR1658321
AN0480-C,ERR1638792
AN0485-C,ERR1658286
AN0485-C,ERR1658322
AN0485-C,ERR1638793
AN0486-C,ERR1658323
AN0486-C,ERR1658287
AN0486-C,ERR1638794
AN0487-C,ERR1638795
AN0487-C,ERR1658288
AN0487-C,ERR1658324
AN0488-C,ERR1638796
AN0488-C,ERR1658289
AN0488-C,ERR1658325
AN0492-C,ERR1638798
AN0492-C,ERR1658327
AN0492-C,ERR1658363
AN0493-C,ERR1638799
AN0493-C,ERR1658328
AN0493-C,ERR1658364
VBS02003-4431STDY6672871,ERR1952718
VBS02003-4431STDY6672871,ERR1952682
VBS02003-4431STDY6672871,ERR1952646
VBS02004-4431STDY6672872,ERR1952647
VBS02004-4431STDY6672872,ERR1952683
VBS02004-4431STDY6672872,ERR1952719
VBS02005-4431STDY6672873,ERR1952720
VBS02005-4431STDY6672873,ERR1952648
VBS02005-4431STDY6672873,ERR1952684
VBS02006-4431STDY6672874,ERR1952685
VBS02006-4431STDY6672874,ERR1952721
VBS02006-4431STDY6672874,ERR1952649
VBS02007-4431STDY6672875,ERR1952650
VBS02007-4431STDY6672875,ERR1952722
VBS02007-4431STDY6672875,ERR1952686
VBS02008-4431STDY6672876,ERR1952687
VBS02008-4431STDY6672876,ERR1952651
VBS02008-4431STDY6672876,ERR1952723
VBS02009-4431STDY6672877,ERR1952652
VBS02009-4431STDY6672877,ERR1952688
VBS02009-4431STDY6672877,ERR1952724
VBS02010-4431STDY6672878,ERR1952653
VBS02010-4431STDY6672878,ERR1952689
VBS02010-4431STDY6672878,ERR1952725
VBS02011-4431STDY6672879,ERR1952654
VBS02011-4431STDY6672879,ERR1952726
VBS02011-4431STDY6672879,ERR1952690
VBS02012-4431STDY6672880,ERR1952655
VBS02012-4431STDY6672880,ERR1952691
VBS02012-4431STDY6672880,ERR1952727
VBS02014-4431STDY6672882,ERR1952657
VBS02014-4431STDY6672882,ERR1952729
VBS02014-4431STDY6672882,ERR1952693
VBS02015-4431STDY6672883,ERR1952658
VBS02015-4431STDY6672883,ERR1952730
VBS02015-4431STDY6672883,ERR1952694
VBS02016-4431STDY6672884,ERR1952731
VBS02016-4431STDY6672884,ERR1952695
VBS02016-4431STDY6672884,ERR1952659
VBS02017-4431STDY6672885,ERR1952696
VBS02017-4431STDY6672885,ERR1952660
VBS02017-4431STDY6672885,ERR1952732
VBS02018-4431STDY6672886,ERR1952733
VBS02018-4431STDY6672886,ERR1952697
VBS02018-4431STDY6672886,ERR1952661
VBS02020-4431STDY6672888,ERR1952699
VBS02020-4431STDY6672888,ERR1952735
VBS02020-4431STDY6672888,ERR1952663
VBS02021-4431STDY6672889,ERR1952664
VBS02021-4431STDY6672889,ERR1952700
VBS02021-4431STDY6672889,ERR1952736
VBS02022-4431STDY6672890,ERR1952665
VBS02022-4431STDY6672890,ERR1952701
VBS02022-4431STDY6672890,ERR1952737
VBS02023-4431STDY6672891,ERR1952666
VBS02023-4431STDY6672891,ERR1952702
VBS02023-4431STDY6672891,ERR1952738
VBS02024-4431STDY6672892,ERR1952703
VBS02024-4431STDY6672892,ERR1952739
VBS02024-4431STDY6672892,ERR1952667
VBS02025-4431STDY6672893,ERR1952668
VBS02025-4431STDY6672893,ERR1952740
VBS02025-4431STDY6672893,ERR1952704
VBS02026-4431STDY6672894,ERR1952741
VBS02026-4431STDY6672894,ERR1952705
VBS02026-4431STDY6672894,ERR1952669
VBS02027-4431STDY6672895,ERR1952670
VBS02027-4431STDY6672895,ERR1952706
VBS02027-4431STDY6672895,ERR1952742
VBS02028-4431STDY6672896,ERR1952671
VBS02028-4431STDY6672896,ERR1952743
VBS02028-4431STDY6672896,ERR1952707
VBS02029-4431STDY6672897,ERR1952672
VBS02029-4431STDY6672897,ERR1952708
VBS02029-4431STDY6672897,ERR1952744
VBS02030-4431STDY6672898,ERR1952673
VBS02030-4431STDY6672898,ERR1952709
VBS02030-4431STDY6672898,ERR1952745
VBS02031-4431STDY6672899,ERR1952710
VBS02031-4431STDY6672899,ERR1952674
VBS02031-4431STDY6672899,ERR1952746
VBS02032-4431STDY6672900,ERR1952675
VBS02032-4431STDY6672900,ERR1952711
VBS02032-4431STDY6672900,ERR1952747
VBS02033-4431STDY6672901,ERR1952676
VBS02033-4431STDY6672901,ERR1952748
VBS02033-4431STDY6672901,ERR1952712
VBS02034-4431STDY6672902,ERR1952713
VBS02034-4431STDY6672902,ERR1952749
VBS02034-4431STDY6672902,ERR1952677
VBS02035-4431STDY6672903,ERR1952750
VBS02035-4431STDY6672903,ERR1952714
VBS02035-4431STDY6672903,ERR1952678
VBS02036-4431STDY6672904,ERR1952751
VBS02036-4431STDY6672904,ERR1952679
VBS02036-4431STDY6672904,ERR1952715
VBS02037-4431STDY6672905,ERR1952680
VBS02037-4431STDY6672905,ERR1952716
VBS02037-4431STDY6672905,ERR1952752
VBS02038-4431STDY6672906,ERR1952681
VBS02038-4431STDY6672906,ERR1952753
VBS02038-4431STDY6672906,ERR1952717
VBS02039-4431STDY6672907,ERR1952541
VBS02039-4431STDY6672907,ERR1952576
VBS02039-4431STDY6672907,ERR1952611
VBS02040-4431STDY6672908,ERR1952542
VBS02040-4431STDY6672908,ERR1952577
VBS02040-4431STDY6672908,ERR1952612
VBS02041-4431STDY6672909,ERR1952543
VBS02041-4431STDY6672909,ERR1952578
VBS02041-4431STDY6672909,ERR1952613
VBS02042-4431STDY6672910,ERR1952544
VBS02042-4431STDY6672910,ERR1952579
VBS02042-4431STDY6672910,ERR1952614
VBS02043-4431STDY6672911,ERR1952580
VBS02043-4431STDY6672911,ERR1952615
VBS02043-4431STDY6672911,ERR1952545
VBS02044-4431STDY6672912,ERR1952546
VBS02044-4431STDY6672912,ERR1952581
VBS02044-4431STDY6672912,ERR1952616
VBS02045-4431STDY6672913,ERR1952547
VBS02045-4431STDY6672913,ERR1952582
VBS02045-4431STDY6672913,ERR1952617
VBS02046-4431STDY6672914,ERR1952548
VBS02046-4431STDY6672914,ERR1952583
VBS02046-4431STDY6672914,ERR1952618
VBS02047-4431STDY6672915,ERR1952549
VBS02047-4431STDY6672915,ERR1952584
VBS02047-4431STDY6672915,ERR1952619
VBS02048-4431STDY6672916,ERR1952620
VBS02048-4431STDY6672916,ERR1952550
VBS02048-4431STDY6672916,ERR1952585
AN0325-C,ERR1373074
AN0326-C,ERR1373082
AN0332-C,ERR1373093
AN0338-C,ERR1373090
AN0341-C,ERR1373085
AN0344-C,ERR1373081
AN0348-C,ERR1373072
AN0379-C,ERR1373092
AN0398-CW,ERR2496769
AN0398-CW,ERR2496839
AN0398-CW,ERR2496804
AN0402-C,ERR1373073
AN0405-CW,ERR2496777
AN0405-CW,ERR2496812
AN0405-CW,ERR2496847
AN0408-C,ERR1373077
AN0495-CW,ERR2524564
AN0495-CW,ERR2524634
AN0495-CW,ERR2524599
AN0499-CW,ERR2524638
AN0499-CW,ERR2524603
AN0499-CW,ERR2524568
AN0500-CW,ERR2524642
AN0500-CW,ERR2524607
AN0500-CW,ERR2524572
AN0503-CW,ERR2524576
AN0503-CW,ERR2524611
AN0503-CW,ERR2524646
AN0511-CW,ERR2524595
AN0511-CW,ERR2524630
AN0511-CW,ERR2524665
AN0544-CW,ERR2496741
AN0544-CW,ERR2496675
AN0544-CW,ERR2496708
AN0574-CW,ERR2496757
AN0574-CW,ERR2496691
AN0574-CW,ERR2496724
AN0577-CW,ERR2496671
AN0577-CW,ERR2496704
AN0577-CW,ERR2496737
AN0578-CW,ERR2496709
AN0578-CW,ERR2496676
AN0578-CW,ERR2496742
AN0579-CW,ERR2496681
AN0579-CW,ERR2496714
AN0579-CW,ERR2496747
AN0580-CW,ERR2496751
AN0580-CW,ERR2496718
AN0580-CW,ERR2496685
AN0581-CW,ERR2496688
AN0581-CW,ERR2496721
AN0581-CW,ERR2496754
AN0582-CW,ERR2496758
AN0582-CW,ERR2496725
AN0582-CW,ERR2496692
AN0585-CW,ERR2496667
AN0585-CW,ERR2496700
AN0585-CW,ERR2496733
AN0586-CW,ERR2496738
AN0586-CW,ERR2496705
AN0586-CW,ERR2496672
AN0587-CW,ERR2496677
AN0587-CW,ERR2496710
AN0587-CW,ERR2496743
AN0588-CW,ERR2496682
AN0588-CW,ERR2496715
AN0588-CW,ERR2496748
AN0590-CW,ERR2496722
AN0590-CW,ERR2496755
AN0590-CW,ERR2496689
AN0601-CW,ERR2496706
AN0601-CW,ERR2496673
AN0601-CW,ERR2496739
AN0603-CW,ERR2496749
AN0603-CW,ERR2496683
AN0603-CW,ERR2496716
AN0604-CW,ERR2496720
AN0604-CW,ERR2496687
AN0604-CW,ERR2496753
AN0607-CW,ERR2496760
AN0607-CW,ERR2496727
AN0607-CW,ERR2496694
AN0616-CW,ERR2496674
AN0616-CW,ERR2496707
AN0616-CW,ERR2496740
AN0619-CW,ERR2496679
AN0619-CW,ERR2496712
AN0619-CW,ERR2496745
AN0621-CW,ERR2496846
AN0621-CW,ERR2496811
AN0621-CW,ERR2496776
AN0622-CW,ERR2496781
AN0622-CW,ERR2496816
AN0622-CW,ERR2496851
AN0623-CW,ERR2496821
AN0623-CW,ERR2496856
AN0623-CW,ERR2496786
AN0624-CW,ERR2496861
AN0624-CW,ERR2496826
AN0624-CW,ERR2496791
AN0626-CW,ERR2496835
AN0626-CW,ERR2496765
AN0626-CW,ERR2496800
AN0633-CW,ERR2496782
AN0633-CW,ERR2496817
AN0633-CW,ERR2496852
AN0634-CW,ERR2496787
AN0634-CW,ERR2496857
AN0634-CW,ERR2496822
AN0643-CW,ERR2496862
AN0643-CW,ERR2496792
AN0643-CW,ERR2496827
AP0002-C,ERR197471
AP0002-C,ERR203735
AP0002-C,ERR203723
AP0005-C,ERR320084
AP0005-C,ERR323514
AP0005-C,ERR323526
AP0006-C,ERR320076
AP0006-C,ERR323506
AP0006-C,ERR323518
AP0007-C,ERR197452
AP0007-C,ERR216672
AP0007-C,ERR216660
AP0008-C,ERR203755
AP0008-C,ERR203743
AP0008-C,ERR197479
AP0009-C,ERR197464
AP0009-C,ERR203716
AP0009-C,ERR203728
AP0010-C,ERR197484
AP0010-C,ERR203748
AP0010-C,ERR203760
AP0011-C,ERR203758
AP0011-C,ERR203746
AP0011-C,ERR197482
AP0013-Cx,ERR501921
AP0013-Cx,ERR495684
AP0013-Cx,ERR491200
AP0014-Cx,ERR501917
AP0014-Cx,ERR491196
AP0014-Cx,ERR495680
AP0017-Cx,ERR495631
AP0017-Cx,ERR501652
AP0017-Cx,ERR501664
AP0019-C,ERR216678
AP0019-C,ERR216666
AP0019-C,ERR197458
AP0020-C,ERR216682
AP0020-C,ERR197462
AP0020-C,ERR216670
AP0021-C,ERR197455
AP0021-C,ERR216663
AP0021-C,ERR216675
AP0022-C,ERR323503
AP0022-C,ERR323515
AP0022-C,ERR320073
AP0023-C,ERR320078
AP0023-C,ERR323508
AP0023-C,ERR323520
AP0025-C,ERR203762
AP0025-C,ERR203750
AP0025-C,ERR197486
AP0030-C,ERR320077
AP0030-C,ERR323507
AP0030-C,ERR323519
AP0031-C,ERR197477
AP0031-C,ERR203753
AP0031-C,ERR203741
AP0032-C,ERR197483
AP0032-C,ERR203759
AP0032-C,ERR203747
AP0033-C,ERR323525
AP0033-C,ERR323513
AP0033-C,ERR320083
AP0034-C,ERR203724
AP0034-C,ERR203736
AP0034-C,ERR197472
AP0035-C,ERR197476
AP0035-C,ERR203740
AP0035-C,ERR203752
AS0001-C,ERR323795
AS0001-C,ERR328488
AS0001-C,ERR328500
AS0002-Cx,ERR491363
AS0002-Cx,ERR495523
AS0002-Cx,ERR495535
AS0003-C,ERR323722
AS0003-C,ERR327188
AS0003-C,ERR327200
AS0004-C,ERR323801
AS0004-C,ERR328494
AS0004-C,ERR328506
AS0005-C,ERR347003
AS0005-C,ERR343504
AS0005-C,ERR346991
AS0006-C,ERR323809
AS0006-C,ERR328514
AS0006-C,ERR328526
AS0007-C,ERR323792
AS0007-C,ERR328485
AS0007-C,ERR328497
AS0008-Cx,ERR501918
AS0008-Cx,ERR491197
AS0008-Cx,ERR495681
AS0009-C,ERR328668
AS0009-C,ERR328656
AS0009-C,ERR323879
AS0010-C,ERR323796
AS0010-C,ERR328489
AS0010-C,ERR328501
AS0011-C,ERR323863
AS0011-C,ERR328628
AS0011-C,ERR328640
AS0012-C,ERR323805
AS0012-C,ERR328510
AS0012-C,ERR328522
AS0013-C,ERR328484
AS0013-C,ERR328496
AS0013-C,ERR323791
AS0014-Cx,ERR495660
AS0014-Cx,ERR501705
AS0014-Cx,ERR501717
AS0015-Cx,ERR495670
AS0015-Cx,ERR501871
AS0015-Cx,ERR501883
AS0016-C,ERR323864
AS0016-C,ERR328629
AS0016-C,ERR328641
AS0017-C,ERR323516
AS0017-C,ERR320074
AS0017-C,ERR323504
AS0018-C,ERR328645
AS0018-C,ERR323868
AS0018-C,ERR328633
AS0019-Cx,ERR495662
AS0019-Cx,ERR501707
AS0019-Cx,ERR501719
AS0020-C,ERR323799
AS0020-C,ERR328492
AS0020-C,ERR328504
AS0021-C,ERR323798
AS0021-C,ERR328491
AS0021-C,ERR328503
AS0022-C,ERR328643
AS0022-C,ERR328631
AS0022-C,ERR323866
AS0023-Cx,ERR495627
AS0023-Cx,ERR501648
AS0023-Cx,ERR501660
AS0024-Cx,ERR495669
AS0024-Cx,ERR501870
AS0024-Cx,ERR501882
AS0026-C,ERR343481
AS0026-C,ERR343661
AS0026-C,ERR343673
AS0027-Cx,ERR501714
AS0027-Cx,ERR501702
AS0027-Cx,ERR495657
AS0028-C,ERR323793
AS0028-C,ERR328486
AS0028-C,ERR328498
AS0029-C,ERR343505
AS0029-C,ERR346992
AS0029-C,ERR347004
AS0030-C,ERR326985
AS0030-C,ERR328752
AS0030-C,ERR328764
AS0032-C,ERR323517
AS0032-C,ERR323505
AS0032-C,ERR320075
AS0033-C,ERR323880
AS0033-C,ERR328657
AS0033-C,ERR328669
AS0034-C,ERR323721
AS0034-C,ERR327187
AS0034-C,ERR327199
AS0035-Cx,ERR495655
AS0035-Cx,ERR501700
AS0035-Cx,ERR501712
AS0036-C,ERR328493
AS0036-C,ERR328505
AS0036-C,ERR323800
AS0037-C,ERR323523
AS0037-C,ERR323511
AS0037-C,ERR320081
AS0039-C,ERR323794
AS0039-C,ERR328487
AS0039-C,ERR328499
AS0040-C,ERR343503
AS0040-C,ERR346990
AS0040-C,ERR347002
AS0041-C,ERR343506
AS0041-C,ERR346993
AS0041-C,ERR347005
AS0042-C,ERR517110
AS0042-C,ERR517098
AS0042-C,ERR516967
AS0044-Cx,ERR495624
AS0044-Cx,ERR501897
AS0044-Cx,ERR501909
AS0045-Cx,ERR495632
AS0045-Cx,ERR501653
AS0045-Cx,ERR501665
AS0046-C,ERR343501
AS0046-C,ERR346988
AS0046-C,ERR347000
AS0047-C,ERR328660
AS0047-C,ERR328672
AS0047-C,ERR323883
AS0048-C,ERR343502
AS0048-C,ERR346989
AS0048-C,ERR347001
AS0049-C,ERR343440
AS0049-C,ERR343584
AS0049-C,ERR343596
AS0051-C,ERR323806
AS0051-C,ERR328511
AS0051-C,ERR328523
AS0052-C,ERR517111
AS0052-C,ERR517099
AS0052-C,ERR516968
AS0053-C,ERR323877
AS0053-C,ERR328654
AS0053-C,ERR328666
AS0054-C,ERR323865
AS0054-C,ERR328630
AS0054-C,ERR328642
AS0055-C,ERR323875
AS0055-C,ERR328652
AS0055-C,ERR328664
AS0056-C,ERR323510
AS0056-C,ERR323522
AS0056-C,ERR320080
AS0057-C,ERR346968
AS0057-C,ERR346980
AS0057-C,ERR343493
AS0058-Cx,ERR495667
AS0058-Cx,ERR501868
AS0058-Cx,ERR501880
AS0059-C,ERR323881
AS0059-C,ERR328658
AS0059-C,ERR328670
AS0060-C,ERR347043
AS0060-C,ERR347055
AS0060-C,ERR352144
AS0062-C,ERR347033
AS0062-C,ERR352134
AS0062-C,ERR347021
AS0064-C,ERR323802
AS0064-C,ERR328495
AS0064-C,ERR328507
AS0065-C,ERR323882
AS0065-C,ERR328659
AS0065-C,ERR328671
AS0066-C,ERR323876
AS0066-C,ERR328653
AS0066-C,ERR328665
AS0068-C,ERR323886
AS0068-C,ERR328663
AS0068-C,ERR328675
AS0069-C,ERR328648
AS0069-C,ERR323871
AS0069-C,ERR328636
AS0070-C,ERR323797
AS0070-C,ERR328490
AS0070-C,ERR328502
AS0071-C,ERR343456
AS0071-C,ERR343612
AS0071-C,ERR343624
AS0072-Cx,ERR501852
AS0072-Cx,ERR495603
AS0072-Cx,ERR501840
AS0073-C,ERR328674
AS0073-C,ERR323885
AS0073-C,ERR328662
AS0074-C,ERR323810
AS0074-C,ERR328515
AS0074-C,ERR328527
AS0076-C,ERR328655
AS0076-C,ERR323878
AS0076-C,ERR328667
AS0077-C,ERR323512
AS0077-C,ERR320082
AS0077-C,ERR323524
AS0078-C,ERR346994
AS0078-C,ERR343507
AS0078-C,ERR347006
AA0039-C,ERR387958
AA0039-C,ERR404040
AA0039-C,ERR388030
AA0040-C,ERR387821
AA0040-C,ERR376547
AA0040-C,ERR387809
AA0041-C,ERR376598
AA0041-C,ERR387908
AA0041-C,ERR387920
AA0042-C,ERR387921
AA0042-C,ERR376599
AA0042-C,ERR387909
AA0043-C,ERR388039
AA0043-C,ERR387967
AA0043-C,ERR388051
AA0044-C,ERR376590
AA0044-C,ERR387888
AA0044-C,ERR387900
AA0045-C,ERR403813
AA0045-C,ERR403825
AA0045-C,ERR403837
AA0046-C,ERR404041
AA0046-C,ERR388031
AA0046-C,ERR387959
AA0047-C,ERR387756
AA0047-C,ERR403804
AA0047-C,ERR403792
AA0048-C,ERR388017
AA0048-C,ERR388137
AA0048-C,ERR388149
AA0049-C,ERR387970
AA0049-C,ERR388042
AA0049-C,ERR388054
AA0050-C,ERR387803
AA0050-C,ERR387791
AA0050-C,ERR376541
AA0051-C,ERR387858
AA0051-C,ERR387870
AA0051-C,ERR376572
AA0052-C,ERR376538
AA0052-C,ERR387800
AA0052-C,ERR387788
AA0053-C,ERR388089
AA0053-C,ERR387993
AA0053-C,ERR388101
AA0054-C,ERR387931
AA0054-C,ERR387943
AA0054-C,ERR376609
AA0055-C,ERR387826
AA0055-C,ERR387814
AA0055-C,ERR376552
AA0056-C,ERR388204
AA0056-C,ERR403939
AA0056-C,ERR403951
AA0057-C,ERR388243
AA0057-C,ERR404014
AA0057-C,ERR404026
AA0058-C,ERR403941
AA0058-C,ERR403953
AA0058-C,ERR388206
AA0059-C,ERR387816
AA0059-C,ERR387828
AA0059-C,ERR376554
AA0060-C,ERR387840
AA0060-C,ERR387852
AA0060-C,ERR376566
AA0061-C,ERR387876
AA0061-C,ERR387864
AA0061-C,ERR376578
AA0062-C,ERR388209
AA0062-C,ERR403956
AA0062-C,ERR403944
AA0063-C,ERR376546
AA0063-C,ERR387820
AA0063-C,ERR387808
AA0064-C,ERR387822
AA0064-C,ERR376548
AA0064-C,ERR387810
AA0065-C,ERR376574
AA0065-C,ERR387860
AA0065-C,ERR387872
AA0066-C,ERR376563
AA0066-C,ERR387849
AA0066-C,ERR387837
AA0067-C,ERR388076
AA0067-C,ERR387980
AA0067-C,ERR388064
AA0068-C,ERR403952
AA0068-C,ERR403940
AA0068-C,ERR388205
AA0069-C,ERR387969
AA0069-C,ERR388053
AA0069-C,ERR388041
AA0070-C,ERR376592
AA0070-C,ERR387890
AA0070-C,ERR387902
AA0071-C,ERR387948
AA0071-C,ERR376614
AA0071-C,ERR387936
AA0072-C,ERR403826
AA0072-C,ERR403814
AA0072-C,ERR403838
AA0073-C,ERR403943
AA0073-C,ERR403955
AA0073-C,ERR388208
AA0074-C,ERR388210
AA0074-C,ERR403957
AA0074-C,ERR403945
AA0075-C,ERR387919
AA0075-C,ERR387907
AA0075-C,ERR376597
AA0076-C,ERR388050
AA0076-C,ERR388038
AA0076-C,ERR387966
AA0077-C,ERR376551
AA0077-C,ERR387813
AA0077-C,ERR387825
AA0079-C,ERR404001
AA0079-C,ERR403989
AA0079-C,ERR388230
AA0080-C,ERR404002
AA0080-C,ERR388231
AA0080-C,ERR403990
AA0081-C,ERR403976
AA0081-C,ERR403964
AA0081-C,ERR388217
AA0082-C,ERR388218
AA0082-C,ERR403977
AA0082-C,ERR403965
AA0084-C,ERR376555
AA0084-C,ERR387817
AA0084-C,ERR387829
AA0085-C,ERR388126
AA0085-C,ERR388006
AA0085-C,ERR388114
AA0086-C,ERR403991
AA0086-C,ERR404003
AA0086-C,ERR388232
AA0087-C,ERR376573
AA0087-C,ERR387859
AA0087-C,ERR387871
AA0088-C,ERR387811
AA0088-C,ERR376549
AA0088-C,ERR387823
AA0089-C,ERR376587
AA0089-C,ERR387885
AA0089-C,ERR387897
AA0090-C,ERR388063
AA0090-C,ERR388075
AA0090-C,ERR387979
AA0091-C,ERR403975
AA0091-C,ERR388216
AA0091-C,ERR403963
AA0092-C,ERR403803
AA0092-C,ERR403791
AA0092-C,ERR387755
AA0093-C,ERR376602
AA0093-C,ERR387912
AA0093-C,ERR387924
AA0094-C,ERR387934
AA0094-C,ERR387946
AA0094-C,ERR376612
AA0095-C,ERR387960
AA0095-C,ERR388032
AA0095-C,ERR404042
AA0096-C,ERR387983
AA0096-C,ERR388067
AA0096-C,ERR388079
AA0097-C,ERR376615
AA0097-C,ERR387937
AA0097-C,ERR387949
AA0098-C,ERR387865
AA0098-C,ERR376579
AA0098-C,ERR387877
AA0099-C,ERR388073
AA0099-C,ERR388061
AA0099-C,ERR387977
AA0100-C,ERR387824
AA0100-C,ERR387812
AA0100-C,ERR376550
AA0101-C,ERR387898
AA0101-C,ERR387886
AA0101-C,ERR376588
AA0102-C,ERR388103
AA0102-C,ERR388091
AA0102-C,ERR387995
AA0103-C,ERR387789
AA0103-C,ERR376539
AA0103-C,ERR387801
AA0104-C,ERR387862
AA0104-C,ERR387874
AA0104-C,ERR376576
AA0105-C,ERR376591
AA0105-C,ERR387889
AA0105-C,ERR387901
AA0106-C,ERR387850
AA0106-C,ERR376564
AA0106-C,ERR387838
AA0107-C,ERR376565
AA0107-C,ERR387839
AA0107-C,ERR387851
AA0108-C,ERR403815
AA0108-C,ERR403839
AA0108-C,ERR403827
AA0109-C,ERR403978
AA0109-C,ERR403966
AA0109-C,ERR388219
AA0110-C,ERR388044
AA0110-C,ERR387972
AA0110-C,ERR388056
AA0111-C,ERR388074
AA0111-C,ERR388062
AA0111-C,ERR387978
AA0112-C,ERR387896
AA0112-C,ERR376586
AA0112-C,ERR387884
AA0113-C,ERR387899
AA0113-C,ERR387887
AA0113-C,ERR376589
AA0114-C,ERR376600
AA0114-C,ERR387922
AA0114-C,ERR387910
AA0115-C,ERR387802
AA0115-C,ERR387790
AA0115-C,ERR376540
AA0116-C,ERR387827
AA0116-C,ERR376553
AA0116-C,ERR387815
AA0117-C,ERR388077
AA0117-C,ERR388065
AA0117-C,ERR387981
AA0118-C,ERR387947
AA0118-C,ERR387935
AA0118-C,ERR376613
AA0119-C,ERR376577
AA0119-C,ERR387863
AA0119-C,ERR387875
AA0120-C,ERR404043
AA0120-C,ERR388033
AA0120-C,ERR387961
AA0122-C,ERR403979
AA0122-C,ERR388220
AA0122-C,ERR403967
AA0123-C,ERR387942
AA0123-C,ERR376608
AA0123-C,ERR387930
AA0124-C,ERR403812
AA0124-C,ERR403836
AA0124-C,ERR403824
AA0125-C,ERR376575
AA0125-C,ERR387861
AA0125-C,ERR387873
AA0126-C,ERR376601
AA0126-C,ERR387923
AA0126-C,ERR387911
AA0127-C,ERR388052
AA0127-C,ERR388040
AA0127-C,ERR387968
AA0128-C,ERR376610
AA0128-C,ERR387932
AA0128-C,ERR387944
AA0129-C,ERR387945
AA0129-C,ERR387933
AA0129-C,ERR376611
AA0130-C,ERR388104
AA0130-C,ERR388092
AA0130-C,ERR387996
AA0131-C,ERR388078
AA0131-C,ERR387982
AA0131-C,ERR388066
AA0132-C,ERR388105
AA0132-C,ERR388093
AA0132-C,ERR387997
AA0133-C,ERR388055
AA0133-C,ERR387971
AA0133-C,ERR388043
AA0134-C,ERR376542
AA0134-C,ERR387792
AA0134-C,ERR387804
AA0135-C,ERR388244
AA0135-C,ERR404015
AA0135-C,ERR404027
AA0136-C,ERR403992
AA0136-C,ERR388233
AA0136-C,ERR404004
AA0137-C,ERR388221
AA0137-C,ERR403968
AA0137-C,ERR403980
AA0138-C,ERR388211
AA0138-C,ERR403946
AA0138-C,ERR403958
AA0139-C,ERR388234
AA0139-C,ERR404005
AA0139-C,ERR403993
AA0140-C,ERR403969
AA0140-C,ERR403981
AA0140-C,ERR388222
AA0141-C,ERR403793
AA0141-C,ERR403805
AA0141-C,ERR387757
AG0082-C,ERR387759
AG0082-C,ERR387771
AG0082-C,ERR387735
AG0085-C,ERR376509
AG0085-C,ERR381871
AG0085-C,ERR381883
AG0089-C,ERR388155
AG0089-C,ERR403843
AG0089-C,ERR403854
AG0096-C,ERR381884
AG0096-C,ERR381872
AG0096-C,ERR376510
AG0097-C,ERR387772
AG0097-C,ERR387760
AG0097-C,ERR387736
AG0098-C,ERR381799
AG0098-C,ERR376473
AG0098-C,ERR381811
AG0100-C,ERR387773
AG0100-C,ERR387737
AG0100-C,ERR387761
AG0102-C,ERR381847
AG0102-C,ERR381859
AG0102-C,ERR376497
AG0104-C,ERR381812
AG0104-C,ERR381800
AG0104-C,ERR376474
AG0106-C,ERR376475
AG0106-C,ERR381813
AG0106-C,ERR381801
AG0108-C,ERR376498
AG0108-C,ERR381848
AG0108-C,ERR381860
AG0109-C,ERR387738
AG0109-C,ERR387762
AG0109-C,ERR387774
AG0111-C,ERR403855
AG0111-C,ERR388156
AG0111-C,ERR403844
AG0118-C,ERR381835
AG0118-C,ERR381823
AG0118-C,ERR376485
AG0119-C,ERR381824
AG0119-C,ERR381836
AG0119-C,ERR376486
AG0120-C,ERR381802
AG0120-C,ERR376476
AG0120-C,ERR381814
AG0121-C,ERR381837
AG0121-C,ERR381825
AG0121-C,ERR376487
AG0123-C,ERR381861
AG0123-C,ERR381849
AG0123-C,ERR376499
AG0124-C,ERR387763
AG0124-C,ERR387739
AG0124-C,ERR387775
AG0125-C,ERR388157
AG0125-C,ERR403845
AG0125-C,ERR403856
AG0126-C,ERR376513
AG0126-C,ERR381875
AG0126-C,ERR381887
AG0127-C,ERR381896
AG0127-C,ERR381908
AG0127-C,ERR376522
AG0128-C,ERR381862
AG0128-C,ERR381850
AG0128-C,ERR376500
AG0129-C,ERR381787
AG0129-C,ERR381775
AG0129-C,ERR376461
AG0130-C,ERR376523
AG0130-C,ERR381909
AG0130-C,ERR381897
AG0133-C,ERR376488
AG0133-C,ERR381838
AG0133-C,ERR381826
AG0134-C,ERR376489
AG0134-C,ERR381827
AG0134-C,ERR381839
AG0135-C,ERR381910
AG0135-C,ERR376524
AG0135-C,ERR381898
AG0136-C,ERR376477
AG0136-C,ERR381815
AG0136-C,ERR381803
AG0137-C,ERR381863
AG0137-C,ERR376501
AG0137-C,ERR381851
AG0138-C,ERR381840
AG0138-C,ERR376490
AG0138-C,ERR381828
AG0139-C,ERR381864
AG0139-C,ERR381852
AG0139-C,ERR376502
AG0141-C,ERR381816
AG0141-C,ERR376478
AG0141-C,ERR381804
AG0142-C,ERR387765
AG0142-C,ERR387777
AG0142-C,ERR387741
AG0143-C,ERR376503
AG0143-C,ERR381853
AG0143-C,ERR381865
AG0144-C,ERR381911
AG0144-C,ERR381899
AG0144-C,ERR376525
AG0145-C,ERR381817
AG0145-C,ERR381805
AG0145-C,ERR376479
AG0146-C,ERR387778
AG0146-C,ERR387766
AG0146-C,ERR387742
AG0147-C,ERR381763
AG0147-C,ERR381751
AG0147-C,ERR376449
AG0148-C,ERR376480
AG0148-C,ERR381818
AG0148-C,ERR381806
AG0152-C,ERR376514
AG0152-C,ERR381876
AG0152-C,ERR381888
AG0153-C,ERR381776
AG0153-C,ERR376462
AG0153-C,ERR381788
AG0156-C,ERR376526
AG0156-C,ERR381900
AG0156-C,ERR381912
AG0159-C,ERR381764
AG0159-C,ERR381752
AG0159-C,ERR376450
AG0162-C,ERR381866
AG0162-C,ERR381854
AG0162-C,ERR376504
AG0163-C,ERR381790
AG0163-C,ERR376464
AG0163-C,ERR381778
AG0169-C,ERR387780
AG0169-C,ERR387744
AG0169-C,ERR387768
AG0170-C,ERR381867
AG0170-C,ERR381855
AG0170-C,ERR376505
AG0172-C,ERR381819
AG0172-C,ERR381807
AG0172-C,ERR376481
AG0178-C,ERR387745
AG0178-C,ERR387781
AG0178-C,ERR387769
AG0179-C,ERR381808
AG0179-C,ERR381820
AG0179-C,ERR376482
AG0181-C,ERR376506
AG0181-C,ERR381856
AG0181-C,ERR381868
AG0183-C,ERR376515
AG0183-C,ERR381877
AG0183-C,ERR381889
AG0195-C,ERR387782
AG0195-C,ERR387770
AG0195-C,ERR387746
AG0197-C,ERR388158
AG0197-C,ERR403857
AG0197-C,ERR403846
AG0200-C,ERR381793
AG0200-C,ERR381781
AG0200-C,ERR376467
AG0202-C,ERR403847
AG0202-C,ERR403858
AG0202-C,ERR388159
AG0203-C,ERR388160
AG0203-C,ERR403848
AG0203-C,ERR403859
AG0204-C,ERR388161
AG0204-C,ERR403849
AG0204-C,ERR403860
AG0206-C,ERR381913
AG0206-C,ERR381901
AG0206-C,ERR376527
AG0208-C,ERR381878
AG0208-C,ERR381890
AG0208-C,ERR376516
AG0209-C,ERR381794
AG0209-C,ERR381782
AG0209-C,ERR376468
AG0214-C,ERR376517
AG0214-C,ERR381879
AG0214-C,ERR381891
AG0221-C,ERR381902
AG0221-C,ERR376528
AG0221-C,ERR381914
AG0223-C,ERR381810
AG0223-C,ERR381822
AG0223-C,ERR376484
AG0225-C,ERR388162
AG0225-C,ERR403850
AG0225-C,ERR403861
AG0226-C,ERR381892
AG0226-C,ERR381880
AG0226-C,ERR376518
AG0227-C,ERR381830
AG0227-C,ERR376492
AG0227-C,ERR381842
AG0229-C,ERR381795
AG0229-C,ERR376469
AG0229-C,ERR381783
AG0230-C,ERR381796
AG0230-C,ERR376470
AG0230-C,ERR381784
AG0231-C,ERR376493
AG0231-C,ERR381831
AG0231-C,ERR381843
AG0232-C,ERR381758
AG0232-C,ERR381770
AG0232-C,ERR376456
AG0234-C,ERR381915
AG0234-C,ERR381903
AG0234-C,ERR376529
AG0263-C,ERR403852
AG0263-C,ERR388164
AG0263-C,ERR403863
AG0382-CW,ERR970914
AG0382-CW,ERR984028
AG0382-CW,ERR984040
AG0383-CW,ERR970915
AG0383-CW,ERR984029
AG0383-CW,ERR984041
AG0386-CW,ERR970918
AG0386-CW,ERR984032
AG0386-CW,ERR984044
AG0390-CW,ERR984060
AG0390-CW,ERR984048
AG0390-CW,ERR970922
AG0394-CW,ERR970926
AG0394-CW,ERR984052
AG0394-CW,ERR984064
AG0395-CW,ERR970927
AG0395-CW,ERR984053
AG0395-CW,ERR984065
AG0396-CW,ERR970928
AG0396-CW,ERR984054
AG0396-CW,ERR984066
AG0403-CW,ERR984084
AG0403-CW,ERR984073
AG0403-CW,ERR970935
AG0404-CW,ERR970936
AG0404-CW,ERR984074
AG0404-CW,ERR984085
AG0405-CW,ERR970937
AG0405-CW,ERR984075
AG0405-CW,ERR984086
AG0406-CW,ERR970938
AG0406-CW,ERR984076
AG0406-CW,ERR984087
AG0410-CW,ERR984090
AG0410-CW,ERR984079
AG0410-CW,ERR970941
AG0411-CW,ERR970942
AG0411-CW,ERR984080
AG0411-CW,ERR984091
AG0412-CW,ERR970943
AG0412-CW,ERR984081
AG0412-CW,ERR984092
AG0415-CW,ERR970946
AG0415-CW,ERR984095
AG0415-CW,ERR984107
AG0416-CW,ERR984108
AG0416-CW,ERR984096
AG0416-CW,ERR970947
AG0418-CW,ERR970949
AG0418-CW,ERR984098
AG0418-CW,ERR984110
AG0420-CW,ERR970951
AG0420-CW,ERR984100
AG0420-CW,ERR984112
AG0422-CW,ERR970953
AG0422-CW,ERR984102
AG0422-CW,ERR984114
AG0423-CW,ERR984115
AG0423-CW,ERR984103
AG0423-CW,ERR970954
AG0442-CW,ERR970973
AG0442-CW,ERR984146
AG0442-CW,ERR984158
AG0443-CW,ERR970974
AG0443-CW,ERR984147
AG0443-CW,ERR984159
AG0445-CW,ERR970976
AG0445-CW,ERR984149
AG0445-CW,ERR984161
AG0446-CW,ERR984162
AG0446-CW,ERR970977
AG0446-CW,ERR984150
AG0448-CW,ERR970979
AG0448-CW,ERR984152
AG0448-CW,ERR984164
AG0450-CW,ERR970981
AG0450-CW,ERR984166
AG0450-CW,ERR984178
AG0451-CW,ERR984179
AG0451-CW,ERR970982
AG0451-CW,ERR984167
AG0454-CW,ERR984182
AG0454-CW,ERR970985
AG0454-CW,ERR984170
AG0455-CW,ERR970986
AG0455-CW,ERR984171
AG0455-CW,ERR984183
AG0456-CW,ERR984172
AG0456-CW,ERR970987
AG0456-CW,ERR984184
AG0460-CW,ERR984176
AG0460-CW,ERR970991
AG0460-CW,ERR984188
AG0001-C,ERR340466
AG0001-C,ERR346809
AG0001-C,ERR346821
AG0002-C,ERR346845
AG0002-C,ERR346833
AG0002-C,ERR340478
AG0003-C,ERR340467
AG0003-C,ERR346810
AG0003-C,ERR346822
AG0004-C,ERR340468
AG0004-C,ERR346811
AG0004-C,ERR346823
AG0005-C,ERR346846
AG0005-C,ERR346834
AG0005-C,ERR340479
AG0006-C,ERR346812
AG0006-C,ERR346824
AG0006-C,ERR340469
AG0007-C,ERR343140
AG0007-C,ERR346785
AG0007-C,ERR346797
AG0009-C,ERR343128
AG0009-C,ERR346773
AG0009-C,ERR346761
AG0010-C,ERR340470
AG0010-C,ERR346813
AG0010-C,ERR346825
AG0011-C,ERR346885
AG0011-C,ERR343152
AG0011-C,ERR346873
AG0012-C,ERR346798
AG0012-C,ERR346786
AG0012-C,ERR343141
AG0013-C,ERR346799
AG0013-C,ERR343142
AG0013-C,ERR346787
AG0014-C,ERR346835
AG0014-C,ERR340480
AG0014-C,ERR346847
AG0015-C,ERR346848
AG0015-C,ERR340481
AG0015-C,ERR346836
AG0016-C,ERR346800
AG0016-C,ERR343143
AG0016-C,ERR346788
AG0018-C,ERR340482
AG0018-C,ERR346837
AG0018-C,ERR346849
AG0019-C,ERR346838
AG0019-C,ERR346850
AG0019-C,ERR340483
AG0020-C,ERR346886
AG0020-C,ERR346874
AG0020-C,ERR343153
AG0021-C,ERR351837
AG0021-C,ERR346865
AG0021-C,ERR346857
AG0022-C,ERR346887
AG0022-C,ERR343154
AG0022-C,ERR346875
AG0023-C,ERR343155
AG0023-C,ERR346876
AG0023-C,ERR346888
AG0024-C,ERR340484
AG0024-C,ERR346839
AG0024-C,ERR346851
AG0025-C,ERR346889
AG0025-C,ERR346877
AG0025-C,ERR343156
AG0027-C,ERR346878
AG0027-C,ERR346890
AG0027-C,ERR343157
AG0028-C,ERR346852
AG0028-C,ERR346840
AG0028-C,ERR340485
AG0029-C,ERR343144
AG0029-C,ERR346789
AG0029-C,ERR346801
AG0031-C,ERR346802
AG0031-C,ERR346790
AG0031-C,ERR343145
AG0032-C,ERR346891
AG0032-C,ERR346879
AG0032-C,ERR343158
AG0033-C,ERR346866
AG0033-C,ERR351838
AG0033-C,ERR346858
AG0035-C,ERR346774
AG0035-C,ERR346762
AG0035-C,ERR343129
AG0037-C,ERR346775
AG0037-C,ERR346763
AG0037-C,ERR343130
AG0038-C,ERR346764
AG0038-C,ERR346776
AG0038-C,ERR343131
AG0039-C,ERR346777
AG0039-C,ERR346765
AG0039-C,ERR343132
AG0040-C,ERR346859
AG0040-C,ERR346867
AG0040-C,ERR351839
AG0041-C,ERR346860
AG0041-C,ERR351840
AG0041-C,ERR346868
AG0042-C,ERR351841
AG0042-C,ERR346869
AG0042-C,ERR346861
AG0043-C,ERR346778
AG0043-C,ERR343133
AG0043-C,ERR346766
AG0044-C,ERR346791
AG0044-C,ERR346803
AG0044-C,ERR343146
AG0045-C,ERR346826
AG0045-C,ERR346814
AG0045-C,ERR340471
AG0047-C,ERR346827
AG0047-C,ERR346815
AG0047-C,ERR340472
AG0048-C,ERR343159
AG0048-C,ERR346892
AG0048-C,ERR346880
AG0049-C,ERR346854
AG0049-C,ERR346842
AG0049-C,ERR340487
AG0050-C,ERR346862
AG0050-C,ERR351842
AG0050-C,ERR346870
AG0051-C,ERR340488
AG0051-C,ERR346843
AG0051-C,ERR346855
AG0052-C,ERR340473
AG0052-C,ERR346816
AG0052-C,ERR346828
AG0053-C,ERR351843
AG0053-C,ERR346871
AG0053-C,ERR346863
AG0054-C,ERR346792
AG0054-C,ERR343147
AG0054-C,ERR346804
AG0055-C,ERR340474
AG0055-C,ERR346829
AG0055-C,ERR346817
AG0056-C,ERR346818
AG0056-C,ERR340475
AG0056-C,ERR346830
AG0058-C,ERR346831
AG0058-C,ERR346819
AG0058-C,ERR340476
AG0059-C,ERR346881
AG0059-C,ERR346893
AG0059-C,ERR343160
AG0060-C,ERR343148
AG0060-C,ERR346793
AG0060-C,ERR346805
AG0061-C,ERR340477
AG0061-C,ERR346820
AG0061-C,ERR346832
AG0062-C,ERR346894
AG0062-C,ERR346882
AG0062-C,ERR343161
AG0063-C,ERR346794
AG0063-C,ERR343149
AG0063-C,ERR346806
AG0064-C,ERR340489
AG0064-C,ERR346844
AG0064-C,ERR346856
AG0065-C,ERR346807
AG0065-C,ERR343150
AG0065-C,ERR346795
AG0066-C,ERR346883
AG0066-C,ERR343162
AG0066-C,ERR346895
AG0067-C,ERR346864
AG0067-C,ERR351844
AG0067-C,ERR346872
AG0068-C,ERR343134
AG0068-C,ERR346767
AG0068-C,ERR346779
AG0069-C,ERR343151
AG0069-C,ERR346796
AG0069-C,ERR346808
AG0071-C,ERR346768
AG0071-C,ERR346780
AG0071-C,ERR343135
AG0072-C,ERR346781
AG0072-C,ERR346769
AG0072-C,ERR343136
AG0074-C,ERR346782
AG0074-C,ERR346770
AG0074-C,ERR343137
AG0075-C,ERR343138
AG0075-C,ERR346783
AG0075-C,ERR346771
AG0076-C,ERR346896
AG0076-C,ERR346884
AG0076-C,ERR343163
AG0077-C,ERR346784
AG0077-C,ERR346772
AG0077-C,ERR343139
AG0270-C,ERR381395
AG0270-C,ERR376238
AG0270-C,ERR381383
AG0271-C,ERR386596
AG0271-C,ERR386608
AG0271-C,ERR386584
AG0272-C,ERR381412
AG0272-C,ERR381424
AG0272-C,ERR376255
AG0273-C,ERR376240
AG0273-C,ERR381385
AG0273-C,ERR381397
AG0274-C,ERR381489
AG0274-C,ERR376284
AG0274-C,ERR381477
AG0275-C,ERR376254
AG0275-C,ERR381411
AG0275-C,ERR381423
AG0276-C,ERR386559
AG0276-C,ERR386571
AG0276-C,ERR386583
AG0277-C,ERR376274
AG0277-C,ERR381455
AG0277-C,ERR381467
AG0278-C,ERR376304
AG0278-C,ERR381509
AG0278-C,ERR381521
AG0279-C,ERR381372
AG0279-C,ERR381360
AG0279-C,ERR376227
AG0281-C,ERR381465
AG0281-C,ERR381453
AG0281-C,ERR376272
AG0282-C,ERR386577
AG0282-C,ERR386553
AG0282-C,ERR386565
AG0283-C,ERR381422
AG0283-C,ERR381410
AG0283-C,ERR376253
AG0284-C,ERR381447
AG0284-C,ERR381435
AG0284-C,ERR376266
AG0285-C,ERR381402
AG0285-C,ERR381390
AG0285-C,ERR376245
AG0286-C,ERR386557
AG0286-C,ERR386569
AG0286-C,ERR386581
AG0287-C,ERR376269
AG0287-C,ERR381438
AG0287-C,ERR381450
AG0288-C,ERR386613
AG0288-C,ERR386601
AG0288-C,ERR386589
AG0289-C,ERR381373
AG0289-C,ERR376228
AG0289-C,ERR381361
AG0290-C,ERR381357
AG0290-C,ERR376224
AG0290-C,ERR381369
AG0291-C,ERR386610
AG0291-C,ERR386598
AG0291-C,ERR386586
AG0292-C,ERR386575
AG0292-C,ERR386551
AG0292-C,ERR386563
AG0293-C,ERR376234
AG0293-C,ERR381367
AG0293-C,ERR381379
AG0294-C,ERR381482
AG0294-C,ERR381494
AG0294-C,ERR376289
AG0295-C,ERR381472
AG0295-C,ERR381460
AG0295-C,ERR376279
AG0296-C,ERR376244
AG0296-C,ERR381401
AG0296-C,ERR381389
AG0297-C,ERR386552
AG0297-C,ERR386564
AG0297-C,ERR386576
AG0298-C,ERR381408
AG0298-C,ERR381420
AG0298-C,ERR376251
AG0299-C,ERR381425
AG0299-C,ERR381413
AG0299-C,ERR376256
AG0300-C,ERR376282
AG0300-C,ERR381475
AG0300-C,ERR381463
AG0301-C,ERR386618
AG0301-C,ERR386606
AG0301-C,ERR386594
AG0302-C,ERR381433
AG0302-C,ERR376264
AG0302-C,ERR381445
AG0303-C,ERR386605
AG0303-C,ERR386593
AG0303-C,ERR386617
AG0304-C,ERR381403
AG0304-C,ERR376246
AG0304-C,ERR381391
AG0305-C,ERR381513
AG0305-C,ERR381501
AG0305-C,ERR376296
AG0306-C,ERR376241
AG0306-C,ERR381398
AG0306-C,ERR381386
AG0307-C,ERR381376
AG0307-C,ERR376231
AG0307-C,ERR381364
AG0308-C,ERR381522
AG0308-C,ERR376305
AG0308-C,ERR381510
AG0309-C,ERR376299
AG0309-C,ERR381504
AG0309-C,ERR381516
AG0310-C,ERR381378
AG0310-C,ERR381366
AG0310-C,ERR376233
AG0311-C,ERR381485
AG0311-C,ERR376292
AG0311-C,ERR381497
AG0312-C,ERR386603
AG0312-C,ERR386615
AG0312-C,ERR386591
AG0313-C,ERR386595
AG0313-C,ERR386619
AG0313-C,ERR386607
AG0314-C,ERR381371
AG0314-C,ERR376226
AG0314-C,ERR381359
AG0315-C,ERR381426
AG0315-C,ERR376257
AG0315-C,ERR381414
AG0316-C,ERR386616
AG0316-C,ERR386604
AG0316-C,ERR386592
AG0317-C,ERR376260
AG0317-C,ERR381429
AG0317-C,ERR381441
AG0318-C,ERR376259
AG0318-C,ERR381428
AG0318-C,ERR381440
AG0319-C,ERR381474
AG0319-C,ERR381462
AG0319-C,ERR376281
AG0320-C,ERR381417
AG0320-C,ERR381405
AG0320-C,ERR376248
AG0321-C,ERR376303
AG0321-C,ERR381508
AG0321-C,ERR381520
AG0322-C,ERR386614
AG0322-C,ERR386602
AG0322-C,ERR386590
AG0323-C,ERR381418
AG0323-C,ERR381406
AG0323-C,ERR376249
AG0324-C,ERR376267
AG0324-C,ERR381436
AG0324-C,ERR381448
AG0325-C,ERR386562
AG0325-C,ERR386550
AG0325-C,ERR386574
AG0326-C,ERR381473
AG0326-C,ERR376280
AG0326-C,ERR381461
AG0327-C,ERR376235
AG0327-C,ERR381380
AG0327-C,ERR381392
AG0328-C,ERR386568
AG0328-C,ERR386556
AG0328-C,ERR386580
AG0329-C,ERR376242
AG0329-C,ERR381387
AG0329-C,ERR381399
AG0330-C,ERR381358
AG0330-C,ERR381370
AG0330-C,ERR376225
AG0331-C,ERR381503
AG0331-C,ERR376298
AG0331-C,ERR381515
AG0332-C,ERR381499
AG0332-C,ERR376294
AG0332-C,ERR381487
AG0333-C,ERR381505
AG0333-C,ERR376300
AG0333-C,ERR381517
AG0334-C,ERR381396
AG0334-C,ERR376239
AG0334-C,ERR381384
AG0335-C,ERR381492
AG0335-C,ERR381480
AG0335-C,ERR376287
AG0336-C,ERR376276
AG0336-C,ERR381457
AG0336-C,ERR381469
AG0337-C,ERR381393
AG0337-C,ERR381381
AG0337-C,ERR376236
AG0338-C,ERR376301
AG0338-C,ERR381518
AG0338-C,ERR381506
AG0339-C,ERR381456
AG0339-C,ERR381468
AG0339-C,ERR376275
AG0340-C,ERR386612
AG0340-C,ERR386600
AG0340-C,ERR386588
AG0341-C,ERR376263
AG0341-C,ERR381432
AG0341-C,ERR381444
AG0342-C,ERR381449
AG0342-C,ERR381437
AG0342-C,ERR376268
AG0343-C,ERR381490
AG0343-C,ERR381478
AG0343-C,ERR376285
AG0344-C,ERR381388
AG0344-C,ERR381400
AG0344-C,ERR376243
AG0345-C,ERR386609
AG0345-C,ERR386585
AG0345-C,ERR386597
AG0346-C,ERR381481
AG0346-C,ERR381493
AG0346-C,ERR376288
AG0347-C,ERR386554
AG0347-C,ERR386578
AG0347-C,ERR386566
AG0348-C,ERR381470
AG0348-C,ERR381458
AG0348-C,ERR376277
AG0349-C,ERR381416
AG0349-C,ERR376247
AG0349-C,ERR381404
AG0350-C,ERR376302
AG0350-C,ERR381507
AG0350-C,ERR381519
AG0351-C,ERR376270
AG0351-C,ERR381439
AG0351-C,ERR381451
AG0352-C,ERR381362
AG0352-C,ERR376229
AG0352-C,ERR381374
AG0353-C,ERR376258
AG0353-C,ERR381427
AG0353-C,ERR381415
AG0354-C,ERR381495
AG0354-C,ERR381483
AG0354-C,ERR376290
AG0355-C,ERR381498
AG0355-C,ERR376293
AG0355-C,ERR381486
AG0356-C,ERR376230
AG0356-C,ERR381363
AG0356-C,ERR381375
AG0357-C,ERR376265
AG0357-C,ERR381446
AG0357-C,ERR381434
AG0358-C,ERR376286
AG0358-C,ERR381479
AG0358-C,ERR381491
AG0359-C,ERR376232
AG0359-C,ERR381365
AG0359-C,ERR381377
AG0360-C,ERR376262
AG0360-C,ERR381431
AG0360-C,ERR381443
AG0361-C,ERR376295
AG0361-C,ERR381512
AG0361-C,ERR381500
AG0362-C,ERR386611
AG0362-C,ERR386587
AG0362-C,ERR386599
AG0363-C,ERR376297
AG0363-C,ERR381514
AG0363-C,ERR381502
AG0364-C,ERR386579
AG0364-C,ERR386567
AG0364-C,ERR386555
AG0365-C,ERR386558
AG0365-C,ERR386570
AG0365-C,ERR386582
AG0366-C,ERR376237
AG0366-C,ERR381394
AG0366-C,ERR381382
AG0367-C,ERR381488
AG0367-C,ERR376283
AG0367-C,ERR381476
AG0368-C,ERR376291
AG0368-C,ERR381484
AG0368-C,ERR381496
AG0369-C,ERR381409
AG0369-C,ERR376252
AG0369-C,ERR381421
AG0370-C,ERR386572
AG0370-C,ERR386548
AG0370-C,ERR386560
AG0371-C,ERR376273
AG0371-C,ERR381466
AG0371-C,ERR381454
AG0372-C,ERR386549
AG0372-C,ERR386573
AG0372-C,ERR386561
AG0373-C,ERR381407
AG0373-C,ERR381419
AG0373-C,ERR376250
AG0374-C,ERR381430
AG0374-C,ERR376261
AG0374-C,ERR381442
AG0375-C,ERR381368
AG0375-C,ERR381356
AG0375-C,ERR376223
AG0376-C,ERR381523
AG0376-C,ERR381511
AG0376-C,ERR376306
AG0377-C,ERR381464
AG0377-C,ERR381452
AG0377-C,ERR376271
AV0001-C,ERR343630
AV0001-C,ERR343618
AV0001-C,ERR343462
AV0002-C,ERR331642
AV0002-C,ERR331630
AV0002-C,ERR326908
AV0003-Cx,ERR506210
AV0003-Cx,ERR502015
AV0003-Cx,ERR506198
AV0004-Cx,ERR495612
AV0004-Cx,ERR501849
AV0004-Cx,ERR501861
AV0005-C,ERR328739
AV0005-C,ERR326972
AV0005-C,ERR328727
AV0006-C,ERR320166
AV0006-C,ERR323680
AV0006-C,ERR323692
AV0007-C,ERR331636
AV0007-C,ERR326902
AV0007-C,ERR331624
AV0008-C,ERR331631
AV0008-C,ERR326897
AV0008-C,ERR331619
AV0009-C,ERR343450
AV0009-C,ERR343606
AV0009-C,ERR343594
AV0010-C,ERR326900
AV0010-C,ERR331622
AV0010-C,ERR331634
AV0011-C,ERR326974
AV0011-C,ERR328729
AV0011-C,ERR328741
AV0012-C,ERR326904
AV0012-C,ERR331626
AV0012-C,ERR331638
AV0013-C,ERR326971
AV0013-C,ERR328726
AV0013-C,ERR328738
AV0014-C,ERR328724
AV0014-C,ERR328736
AV0014-C,ERR326969
AV0015-C,ERR326898
AV0015-C,ERR331620
AV0015-C,ERR331632
AV0017-C,ERR346984
AV0017-C,ERR346972
AV0017-C,ERR343497
AV0018-C,ERR326978
AV0018-C,ERR328733
AV0018-C,ERR328745
AV0020-C,ERR347008
AV0020-C,ERR343509
AV0020-C,ERR346996
AV0021-C,ERR347009
AV0021-C,ERR346997
AV0021-C,ERR343510
AV0022-C,ERR346985
AV0022-C,ERR346973
AV0022-C,ERR343498
AV0023-C,ERR347045
AV0023-C,ERR352146
AV0023-C,ERR347057
AV0024-C,ERR326905
AV0024-C,ERR331627
AV0024-C,ERR331639
AV0025-C,ERR343549
AV0025-C,ERR343537
AV0025-C,ERR317364
AV0026-C,ERR343558
AV0026-C,ERR343546
AV0026-C,ERR317373
AV0027-C,ERR328742
AV0027-C,ERR326975
AV0027-C,ERR328730
AV0028-C,ERR347044
AV0028-C,ERR352145
AV0028-C,ERR347056
AV0029-Cx,ERR502009
AV0029-Cx,ERR506192
AV0029-Cx,ERR506204
AV0030-Cx,ERR501850
AV0030-Cx,ERR495613
AV0030-Cx,ERR501862
AV0031-C,ERR331641
AV0031-C,ERR331629
AV0031-C,ERR326907
AV0032-C,ERR331635
AV0032-C,ERR331623
AV0032-C,ERR326901
AV0033-C,ERR343665
AV0033-C,ERR343485
AV0033-C,ERR343677
AV0034-Cx,ERR502012
AV0034-Cx,ERR506207
AV0034-Cx,ERR506195
AV0035-C,ERR331637
AV0035-C,ERR331625
AV0035-C,ERR326903
AV0036-C,ERR317363
AV0036-C,ERR343536
AV0036-C,ERR343548
AV0037-C,ERR317368
AV0037-C,ERR343541
AV0037-C,ERR343553
AV0038-C,ERR328761
AV0038-C,ERR326982
AV0038-C,ERR328749
AV0039-C,ERR328770
AV0039-C,ERR328758
AV0039-C,ERR326991
AV0040-C,ERR328763
AV0040-C,ERR328751
AV0040-C,ERR326984
AV0041-C,ERR343484
AV0041-C,ERR343664
AV0041-C,ERR343676
AV0042-Cx,ERR495675
AV0042-Cx,ERR501912
AV0042-Cx,ERR491191
AV0043-C,ERR317362
AV0043-C,ERR343547
AV0043-C,ERR343535
AV0044-Cx,ERR495682
AV0044-Cx,ERR491198
AV0044-Cx,ERR501919
AV0045-C,ERR343678
AV0045-C,ERR343666
AV0045-C,ERR343486
AV0046-Cx,ERR495626
AV0046-Cx,ERR501899
AV0046-Cx,ERR501911
AV0047-C,ERR328747
AV0047-C,ERR326980
AV0047-C,ERR328735
AV0055-C,ERR779513
AV0055-C,ERR841975
AV0055-C,ERR841987
AV0058-C,ERR842013
AV0058-C,ERR842001
AV0058-C,ERR779527
AV0059-C,ERR779533
AV0059-C,ERR842007
AV0059-C,ERR842019
AV0061-C,ERR841939
AV0061-C,ERR779489
AV0061-C,ERR841927
AV0067-C,ERR841988
AV0067-C,ERR841976
AV0067-C,ERR779514
AV0068-C,ERR841980
AV0068-C,ERR841992
AV0068-C,ERR779518
AV0069-CW,ERR2643782
AV0069-CW,ERR2643794
AV0069-CW,ERR2643788
AV0070-C,ERR779528
AV0070-C,ERR842002
AV0070-C,ERR842014
AV0074-C,ERR779493
AV0074-C,ERR841931
AV0074-C,ERR841943
AV0078-C,ERR779512
AV0078-C,ERR841986
AV0078-C,ERR841974
AV0080-C,ERR779519
AV0080-C,ERR841981
AV0080-C,ERR841993
AV0082-C,ERR779529
AV0082-C,ERR842015
AV0082-C,ERR842003
AV0083-C,ERR852668
AV0083-C,ERR779534
AV0083-C,ERR852680
AV0086-C,ERR779494
AV0086-C,ERR841932
AV0086-C,ERR841944
AV0091-C,ERR841990
AV0091-C,ERR841978
AV0091-C,ERR779516
AV0092-C,ERR779520
AV0092-C,ERR841994
AV0092-C,ERR841982
AV0094-C,ERR842016
AV0094-C,ERR842004
AV0094-C,ERR779530
AV0095-C,ERR852669
AV0095-C,ERR779535
AV0095-C,ERR852681
AV0098-C,ERR841933
AV0098-C,ERR779495
AV0098-C,ERR841945
AV0104-C,ERR841983
AV0104-C,ERR779521
AV0104-C,ERR841995
AV0106-C,ERR842005
AV0106-C,ERR779531
AV0106-C,ERR842017
AV0107-C,ERR852682
AV0107-C,ERR852670
AV0107-C,ERR779536
AV0109-C,ERR841930
AV0109-C,ERR779492
AV0109-C,ERR841942
AV0113-C,ERR779509
AV0113-C,ERR841959
AV0113-C,ERR841971
AV0115-C,ERR779517
AV0115-C,ERR841979
AV0115-C,ERR841991
AV0116-C,ERR779522
AV0116-C,ERR841996
AV0116-C,ERR842008
AV0119-C,ERR852683
AV0119-C,ERR779537
AV0119-C,ERR852671
AV0126-CW,ERR2643789
AV0126-CW,ERR2643783
AV0126-CW,ERR2643795
AV0128-C,ERR779523
AV0128-C,ERR841997
AV0128-C,ERR842009
AV0129-C,ERR842011
AV0129-C,ERR779525
AV0129-C,ERR841999
AV0130-C,ERR842018
AV0130-C,ERR779532
AV0130-C,ERR842006
AV0131-C,ERR779538
AV0131-C,ERR852684
AV0131-C,ERR852672
AV0132-C,ERR779487
AV0132-C,ERR841937
AV0132-C,ERR841925
AV0134-C,ERR841960
AV0134-C,ERR841948
AV0134-C,ERR779498
AV0137-C,ERR841985
AV0137-C,ERR841973
AV0137-C,ERR779511
AV0140-C,ERR842010
AV0140-C,ERR841998
AV0140-C,ERR779524
AV0141-C,ERR842000
AV0141-C,ERR842012
AV0141-C,ERR779526
AV0142-C,ERR779539
AV0142-C,ERR852673
AV0142-C,ERR852685
AV0143-C,ERR852690
AV0143-C,ERR852678
AV0143-C,ERR779544
AV0149-C,ERR829650
AV0149-C,ERR852749
AV0149-C,ERR852761
AV0150-C,ERR829654
AV0150-C,ERR842117
AV0150-C,ERR842129
AV0152-C,ERR829665
AV0152-C,ERR842152
AV0152-C,ERR842140
AV0154-C,ERR852686
AV0154-C,ERR779540
AV0154-C,ERR852674
AV0160-C,ERR852755
AV0160-C,ERR852743
AV0160-C,ERR829644
AV0161-C,ERR829651
AV0161-C,ERR852762
AV0161-C,ERR852750
AV0162-C,ERR842118
AV0162-C,ERR842130
AV0162-C,ERR829655
AV0164-C,ERR829666
AV0164-C,ERR842141
AV0164-C,ERR842153
AV0165-C,ERR829670
AV0165-C,ERR842145
AV0165-C,ERR842157
AV0170-C,ERR779561
AV0170-C,ERR852719
AV0170-C,ERR852731
AV0171-C,ERR852736
AV0171-C,ERR779566
AV0171-C,ERR852724
AV0173-C,ERR829652
AV0173-C,ERR852751
AV0173-C,ERR852763
AV0174-C,ERR829656
AV0174-C,ERR842131
AV0174-C,ERR842119
AV0176-C,ERR829667
AV0176-C,ERR842154
AV0176-C,ERR842142
AV0177-C,ERR842146
AV0177-C,ERR842158
AV0177-C,ERR829671
AV0179-C,ERR779547
AV0179-C,ERR852705
AV0179-C,ERR852693
AV0180-C,ERR852697
AV0180-C,ERR852709
AV0180-C,ERR779551
AV0185-C,ERR829653
AV0185-C,ERR842116
AV0185-C,ERR842128
AV0186-C,ERR829657
AV0186-C,ERR842120
AV0186-C,ERR842132
AV0188-C,ERR842155
AV0188-C,ERR829668
AV0188-C,ERR842143
AV0189-C,ERR842147
AV0189-C,ERR842159
AV0189-C,ERR829672
AV0191-C,ERR852694
AV0191-C,ERR852706
AV0191-C,ERR779548
AV0192-C,ERR852698
AV0192-C,ERR852710
AV0192-C,ERR779552
AV0194-C,ERR779563
AV0194-C,ERR852721
AV0194-C,ERR852733
AV0195-C,ERR779568
AV0195-C,ERR852726
AV0195-C,ERR852738
AV0196-C,ERR852757
AV0196-C,ERR852745
AV0196-C,ERR829646
AV0198-C,ERR829658
AV0198-C,ERR842121
AV0198-C,ERR842133
AV0199-C,ERR842125
AV0199-C,ERR842137
AV0199-C,ERR829662
AV0200-C,ERR842144
AV0200-C,ERR829669
AV0200-C,ERR842156
AV0201-C,ERR829673
AV0201-C,ERR842148
AV0201-C,ERR842160
AV0206-C,ERR852734
AV0206-C,ERR779564
AV0206-C,ERR852722
AV0207-C,ERR779569
AV0207-C,ERR852727
AV0207-C,ERR852739
AV0208-C,ERR829647
AV0208-C,ERR852758
AV0208-C,ERR852746
AV0209-CW,ERR2643796
AV0209-CW,ERR2643784
AV0209-CW,ERR2643790
AV0210-C,ERR842134
AV0210-C,ERR842122
AV0210-C,ERR829659
AV0211-C,ERR842126
AV0211-C,ERR829663
AV0211-C,ERR842138
AV0213-C,ERR829674
AV0213-C,ERR842161
AV0213-C,ERR842149
AV0218-C,ERR779565
AV0218-C,ERR852735
AV0218-C,ERR852723
AV0219-C,ERR852752
AV0219-C,ERR829641
AV0219-C,ERR852740
AV0220-C,ERR852747
AV0220-C,ERR852759
AV0220-C,ERR829648
AV0222-C,ERR842135
AV0222-C,ERR829660
AV0222-C,ERR842123
AV0223-C,ERR842127
AV0223-C,ERR842139
AV0223-C,ERR829664
AV0225-C,ERR829675
AV0225-C,ERR842150
AV0225-C,ERR842162
AV0226-C,ERR779543
AV0226-C,ERR852677
AV0226-C,ERR852689
AV0231-C,ERR829642
AV0231-C,ERR852741
AV0231-C,ERR852753
AV0232-C,ERR852748
AV0232-C,ERR829649
AV0232-C,ERR852760
AV0234-C,ERR842136
AV0234-C,ERR842124
AV0234-C,ERR829661
AV0235-CW,ERR2643786
AV0235-CW,ERR2643798
AV0235-CW,ERR2643792
AV0236-C,ERR842151
AV0236-C,ERR829676
AV0236-C,ERR842163
AV0237-C,ERR842182
AV0237-C,ERR842170
AV0237-C,ERR829683
AV0241-C,ERR829701
AV0241-C,ERR845331
AV0241-C,ERR845343
AV0243-C,ERR845353
AV0243-C,ERR845341
AV0243-C,ERR829711
AV0245-C,ERR842229
AV0245-C,ERR842217
AV0245-C,ERR829718
AV0248-C,ERR842164
AV0248-C,ERR829677
AV0248-C,ERR842176
AV0249-C,ERR829684
AV0249-C,ERR842171
AV0249-C,ERR842183
AV0253-C,ERR845344
AV0253-C,ERR845332
AV0253-C,ERR829702
AV0254-C,ERR845349
AV0254-C,ERR845337
AV0254-C,ERR829707
AV0255-C,ERR829712
AV0255-C,ERR845342
AV0255-C,ERR845354
AV0262-C,ERR829688
AV0262-C,ERR842175
AV0262-C,ERR842187
AV0263-C,ERR829692
AV0263-C,ERR842191
AV0263-C,ERR842203
AV0265-C,ERR845333
AV0265-C,ERR845345
AV0265-C,ERR829703
AV0268-C,ERR829714
AV0268-C,ERR842213
AV0268-C,ERR842225
AV0275-C,ERR842204
AV0275-C,ERR829693
AV0275-C,ERR842192
AV0277-C,ERR829704
AV0277-C,ERR845334
AV0277-C,ERR845346
AV0278-C,ERR845350
AV0278-C,ERR829708
AV0278-C,ERR845338
AV0280-C,ERR842226
AV0280-C,ERR829715
AV0280-C,ERR842214
AV0285-C,ERR829685
AV0285-C,ERR842184
AV0285-C,ERR842172
AV0287-C,ERR829694
AV0287-C,ERR842193
AV0287-C,ERR842205
AV0292-C,ERR842227
AV0292-C,ERR842215
AV0292-C,ERR829716
AV0293-C,ERR842231
AV0293-C,ERR829720
AV0293-C,ERR842219
AV0297-C,ERR842173
AV0297-C,ERR829686
AV0297-C,ERR842185
AV0303-C,ERR842224
AV0303-C,ERR842212
AV0303-C,ERR829713
AV0304-C,ERR842228
AV0304-C,ERR829717
AV0304-C,ERR842216
AV0305-C,ERR829721
AV0305-C,ERR842232
AV0305-C,ERR842220
AV0308-C,ERR829681
AV0308-C,ERR842168
AV0308-C,ERR842180
AV0314-C,ERR845339
AV0314-C,ERR845351
AV0314-C,ERR829709
AV0320-C,ERR829682
AV0320-C,ERR842169
AV0320-C,ERR842181
AV0323-C,ERR842208
AV0323-C,ERR842196
AV0323-C,ERR829697
AV0325-C,ERR845348
AV0325-C,ERR829706
AV0325-C,ERR845336
AV0330-C,ERR842038
AV0330-C,ERR842026
AV0330-C,ERR779576
AV0331-C,ERR842058
AV0331-C,ERR779584
AV0331-C,ERR842046
AV0332-C,ERR779590
AV0332-C,ERR842064
AV0332-C,ERR842052
AV0333-C,ERR779598
AV0333-C,ERR842084
AV0333-C,ERR842072
AV0334-C,ERR779604
AV0334-C,ERR842078
AV0334-C,ERR842090
AV0335-C,ERR842108
AV0335-C,ERR779610
AV0335-C,ERR842096
AV0336-C,ERR842248
AV0336-C,ERR842236
AV0336-C,ERR779618
AV0337-C,ERR779624
AV0337-C,ERR842242
AV0337-C,ERR842254
AV0338-C,ERR779632
AV0338-C,ERR842262
AV0338-C,ERR842272
AV0340-C,ERR779645
AV0340-C,ERR842296
AV0340-C,ERR842285
AV0341-C,ERR842300
AV0341-C,ERR842289
AV0341-C,ERR779649
AV0342-C,ERR842039
AV0342-C,ERR779577
AV0342-C,ERR842027
AV0344-C,ERR842053
AV0344-C,ERR779591
AV0344-C,ERR842065
AV0346-C,ERR842079
AV0346-C,ERR842091
AV0346-C,ERR779605
AV0347-C,ERR779611
AV0347-C,ERR842097
AV0347-C,ERR842109
AV0349-C,ERR779625
AV0349-C,ERR842243
AV0349-C,ERR842255
AV0350-C,ERR779633
AV0350-C,ERR842263
AV0350-C,ERR842273
AV0351-C,ERR842278
AV0351-C,ERR842268
AV0351-C,ERR779638
AV0352-C,ERR842297
AV0352-C,ERR842286
AV0352-C,ERR779646
AV0353-C,ERR842301
AV0353-C,ERR779650
AV0353-C,ERR842290
AV0354-C,ERR842028
AV0354-C,ERR779578
AV0354-C,ERR842040
AV0356-C,ERR842054
AV0356-C,ERR779592
AV0356-C,ERR842066
AV0358-C,ERR842092
AV0358-C,ERR779606
AV0358-C,ERR842104
AV0359-C,ERR779612
AV0359-C,ERR842110
AV0359-C,ERR842098
AV0360-C,ERR779619
AV0360-C,ERR842249
AV0360-C,ERR842237
AV0361-C,ERR779626
AV0361-C,ERR842244
AV0361-C,ERR842256
AV0362-C,ERR842274
AV0362-C,ERR842264
AV0362-C,ERR779634
AV0363-C,ERR779639
AV0363-C,ERR842269
AV0363-C,ERR842279
AV0364-C,ERR842298
AV0364-C,ERR842287
AV0364-C,ERR779647
AV0366-C,ERR842041
AV0366-C,ERR779579
AV0366-C,ERR842029
AV0367-C,ERR842060
AV0367-C,ERR842048
AV0367-C,ERR779586
AV0368-C,ERR779593
AV0368-C,ERR842067
AV0368-C,ERR842055
AV0371-C,ERR842111
AV0371-C,ERR842099
AV0371-C,ERR779613
AV0372-C,ERR842238
AV0372-C,ERR842250
AV0372-C,ERR779620
AV0373-C,ERR779627
AV0373-C,ERR842245
AV0373-C,ERR842257
AV0375-C,ERR842280
AV0375-C,ERR779640
AV0375-C,ERR842291
AV0376-C,ERR779648
AV0376-C,ERR842288
AV0376-C,ERR842299
AV0377-C,ERR779580
AV0377-C,ERR842030
AV0377-C,ERR842042
AV0378-C,ERR779587
AV0378-C,ERR842049
AV0378-C,ERR842061
AV0380-C,ERR842086
AV0380-C,ERR779600
AV0380-C,ERR842074
AV0381-C,ERR842093
AV0381-C,ERR779607
AV0381-C,ERR842105
AV0382-C,ERR842112
AV0382-C,ERR842100
AV0382-C,ERR779614
AV0383-C,ERR779621
AV0383-C,ERR842251
AV0383-C,ERR842239
AV0384-C,ERR842246
AV0384-C,ERR779628
AV0384-C,ERR842258
AV0386-C,ERR779641
AV0386-C,ERR842281
AV0386-C,ERR842292
AV0387-C,ERR842031
AV0387-C,ERR779581
AV0387-C,ERR842043
AV0389-C,ERR779595
AV0389-C,ERR842069
AV0389-C,ERR842081
AV0390-C,ERR842075
AV0390-C,ERR779601
AV0390-C,ERR842087
AV0391-C,ERR779608
AV0391-C,ERR842094
AV0391-C,ERR842106
AV0392-C,ERR842101
AV0392-C,ERR842113
AV0392-C,ERR779615
AV0393-C,ERR842240
AV0393-C,ERR779622
AV0393-C,ERR842252
AV0394-C,ERR842259
AV0394-C,ERR842247
AV0394-C,ERR779629
AV0396-C,ERR779642
AV0396-C,ERR842293
AV0396-C,ERR842282
AV0400-C,ERR842088
AV0400-C,ERR842076
AV0400-C,ERR779602
AV0401-C,ERR779609
AV0401-C,ERR842095
AV0401-C,ERR842107
AV0402-C,ERR842102
AV0402-C,ERR842114
AV0402-C,ERR779616
AV0403-C,ERR842253
AV0403-C,ERR779623
AV0403-C,ERR842241
AV0404-C,ERR842270
AV0404-C,ERR779630
AV0404-C,ERR842260
AV0405-C,ERR779635
AV0405-C,ERR842265
AV0405-C,ERR842275
AV0406-C,ERR842294
AV0406-C,ERR842283
AV0406-C,ERR779643
AV0407-C,ERR842057
AV0407-C,ERR842045
AV0407-C,ERR779583
AV0408-C,ERR779589
AV0408-C,ERR842051
AV0408-C,ERR842063
AV0409-C,ERR842083
AV0409-C,ERR842071
AV0409-C,ERR779597
AV0410-C,ERR842089
AV0410-C,ERR842077
AV0410-C,ERR779603
AV0412-C,ERR779617
AV0412-C,ERR842115
AV0412-C,ERR842103
AV0414-C,ERR779631
AV0414-C,ERR842261
AV0414-C,ERR842271
AV0415-C,ERR779636
AV0415-C,ERR842266
AV0415-C,ERR842276
AQ0001-C,ERR197453
AQ0001-C,ERR216661
AQ0001-C,ERR216673
AQ0002-C,ERR197454
AQ0002-C,ERR216662
AQ0002-C,ERR216674
AQ0004-C,ERR216677
AQ0004-C,ERR216665
AQ0004-C,ERR197457
AQ0005-C,ERR197456
AQ0005-C,ERR216664
AQ0005-C,ERR216676
AQ0009-C,ERR197451
AQ0009-C,ERR216659
AQ0009-C,ERR216671
AQ0011-C,ERR203731
AQ0011-C,ERR197467
AQ0011-C,ERR203719
AQ0012-C,ERR203733
AQ0012-C,ERR203721
AQ0012-C,ERR197469
AQ0013-C,ERR203749
AQ0013-C,ERR197485
AQ0013-C,ERR203761
AQ0014-C,ERR197478
AQ0014-C,ERR203742
AQ0014-C,ERR203754
AQ0015-C,ERR216668
AQ0015-C,ERR197460
AQ0015-C,ERR216680
AJ0023-C,ERR516918
AJ0023-C,ERR517049
AJ0023-C,ERR517061
AJ0024-C,ERR516893
AJ0024-C,ERR517001
AJ0024-C,ERR517012
AJ0028-C,ERR352132
AJ0028-C,ERR347031
AJ0028-C,ERR347019
AJ0032-C,ERR516921
AJ0032-C,ERR517052
AJ0032-C,ERR517064
AJ0035-C,ERR516932
AJ0035-C,ERR517123
AJ0035-C,ERR517135
AJ0036-C,ERR517117
AJ0036-C,ERR517129
AJ0036-C,ERR516926
AJ0037-C,ERR517119
AJ0037-C,ERR516928
AJ0037-C,ERR517131
AJ0038-C,ERR352142
AJ0038-C,ERR347053
AJ0038-C,ERR347041
AJ0039-C,ERR516940
AJ0039-C,ERR517143
AJ0039-C,ERR517155
AJ0043-C,ERR517149
AJ0043-C,ERR516946
AJ0043-C,ERR517161
AJ0044-C,ERR343649
AJ0044-C,ERR343469
AJ0044-C,ERR343637
AJ0045-C,ERR323719
AJ0045-C,ERR327185
AJ0045-C,ERR327197
AJ0047-C,ERR517157
AJ0047-C,ERR517145
AJ0047-C,ERR516942
AJ0049-C,ERR347052
AJ0049-C,ERR347040
AJ0049-C,ERR352141
AJ0051-C,ERR517107
AJ0051-C,ERR516964
AJ0051-C,ERR517095
AJ0052-C,ERR516910
AJ0052-C,ERR517029
AJ0052-C,ERR517041
AJ0056-C,ERR517039
AJ0056-C,ERR517027
AJ0056-C,ERR516908
AJ0059-C,ERR516965
AJ0059-C,ERR517096
AJ0059-C,ERR517108
AJ0060-C,ERR347039
AJ0060-C,ERR347051
AJ0060-C,ERR352140
AJ0061-C,ERR516906
AJ0061-C,ERR517037
AJ0061-C,ERR517025
AJ0063-C,ERR516883
AJ0063-C,ERR516979
AJ0063-C,ERR516991
AJ0064-C,ERR343671
AJ0064-C,ERR343659
AJ0064-C,ERR343479
AJ0066-C,ERR343672
AJ0066-C,ERR343660
AJ0066-C,ERR343480
AJ0068-C,ERR347018
AJ0068-C,ERR352131
AJ0068-C,ERR347030
AJ0070-Cx,ERR501907
AJ0070-Cx,ERR495622
AJ0070-Cx,ERR501895
AJ0071-C,ERR323862
AJ0071-C,ERR328615
AJ0071-C,ERR328627
AJ0072-C,ERR516992
AJ0072-C,ERR516980
AJ0072-C,ERR516884
AJ0074-C,ERR516885
AJ0074-C,ERR516993
AJ0074-C,ERR516981
AJ0075-C,ERR343670
AJ0075-C,ERR343658
AJ0075-C,ERR343478
AJ0076-C,ERR328620
AJ0076-C,ERR323855
AJ0076-C,ERR328608
AJ0077-C,ERR516909
AJ0077-C,ERR517028
AJ0077-C,ERR517040
AJ0078-C,ERR323786
AJ0078-C,ERR327072
AJ0078-C,ERR327084
AJ0079-C,ERR516907
AJ0079-C,ERR517026
AJ0079-C,ERR517038
AJ0080-C,ERR352139
AJ0080-C,ERR347050
AJ0080-C,ERR347038
AJ0081-C,ERR516879
AJ0081-C,ERR516987
AJ0081-C,ERR516975
AJ0084-C,ERR516953
AJ0084-C,ERR517072
AJ0084-C,ERR517084
AJ0085-C,ERR516894
AJ0085-C,ERR517002
AJ0085-C,ERR517013
AJ0086-C,ERR517156
AJ0086-C,ERR517144
AJ0086-C,ERR516941
AJ0087-C,ERR352143
AJ0087-C,ERR347042
AJ0087-C,ERR347054
AJ0088-C,ERR516961
AJ0088-C,ERR517092
AJ0088-C,ERR517104
AJ0090-C,ERR517148
AJ0090-C,ERR517160
AJ0090-C,ERR516945
AJ0092-C,ERR323851
AJ0092-C,ERR328604
AJ0092-C,ERR328616
AJ0093-C,ERR343477
AJ0093-C,ERR343657
AJ0093-C,ERR343669
AJ0095-C,ERR328605
AJ0095-C,ERR323852
AJ0095-C,ERR328617
AJ0096-C,ERR328638
AJ0096-C,ERR328650
AJ0096-C,ERR323873
AJ0097-C,ERR323857
AJ0097-C,ERR328610
AJ0097-C,ERR328622
AJ0098-C,ERR323859
AJ0098-C,ERR328612
AJ0098-C,ERR328624
AJ0099-C,ERR343500
AJ0099-C,ERR346987
AJ0099-C,ERR346999
AJ0100-C,ERR328618
AJ0100-C,ERR323853
AJ0100-C,ERR328606
AJ0101-Cx,ERR495658
AJ0101-Cx,ERR501715
AJ0101-Cx,ERR501703
AJ0102-C,ERR328625
AJ0102-C,ERR328613
AJ0102-C,ERR323860
AJ0103-C,ERR516895
AJ0103-C,ERR517014
AJ0103-C,ERR517003
AJ0105-C,ERR516954
AJ0105-C,ERR517073
AJ0105-C,ERR517085
AJ0107-C,ERR343471
AJ0107-C,ERR343639
AJ0107-C,ERR343651
AJ0109-C,ERR516931
AJ0109-C,ERR517122
AJ0109-C,ERR517134
AJ0113-C,ERR328609
AJ0113-C,ERR323856
AJ0113-C,ERR328621
AJ0115-C,ERR516917
AJ0115-C,ERR517048
AJ0115-C,ERR517060
AJ0116-C,ERR320079
AJ0116-C,ERR323509
AJ0116-C,ERR323521
AJ0117-C,ERR343494
AJ0117-C,ERR346969
AJ0117-C,ERR346981
AJ0119-C,ERR347020
AJ0119-C,ERR352133
AJ0119-C,ERR347032
AJ0120-C,ERR403970
AJ0120-C,ERR403982
AJ0120-C,ERR388223
AJ0121-C,ERR404006
AJ0121-C,ERR403994
AJ0121-C,ERR388235
AJ0122-C,ERR388081
AJ0122-C,ERR388069
AJ0122-C,ERR387985
AJ0123-C,ERR403983
AJ0123-C,ERR388224
AJ0123-C,ERR403971
AJ0124-C,ERR403959
AJ0124-C,ERR403947
AJ0124-C,ERR388212
AJ0125-C,ERR376544
AJ0125-C,ERR387794
AJ0125-C,ERR387806
AJ0126-C,ERR388058
AJ0126-C,ERR387974
AJ0126-C,ERR388046
AJ0127-C,ERR404031
AJ0127-C,ERR388248
AJ0127-C,ERR404019
AJ0128-C,ERR387854
AJ0128-C,ERR387842
AJ0128-C,ERR376568
AJ0129-C,ERR388153
AJ0129-C,ERR388141
AJ0129-C,ERR388021
AJ0130-C,ERR388154
AJ0130-C,ERR388022
AJ0130-C,ERR388142
AJ0131-C,ERR403818
AJ0131-C,ERR403842
AJ0131-C,ERR403830
AJ0132-C,ERR388245
AJ0132-C,ERR404016
AJ0132-C,ERR404028
AJ0133-C,ERR388236
AJ0133-C,ERR403995
AJ0133-C,ERR404007
AJ0134-C,ERR387805
AJ0134-C,ERR376543
AJ0134-C,ERR387793
AJ0135-C,ERR388246
AJ0135-C,ERR404017
AJ0135-C,ERR404029
AJ0136-C,ERR388237
AJ0136-C,ERR403996
AJ0136-C,ERR404008
AJ0137-C,ERR404018
AJ0137-C,ERR404030
AJ0137-C,ERR388247
AJ0138-C,ERR388225
AJ0138-C,ERR403972
AJ0138-C,ERR403984
AJ0139-C,ERR388213
AJ0139-C,ERR403948
AJ0139-C,ERR403960
AJ0140-C,ERR388249
AJ0140-C,ERR404032
AJ0140-C,ERR404020
AJ0141-C,ERR403816
AJ0141-C,ERR403828
AJ0141-C,ERR403840
AJ0142-C,ERR376580
AJ0142-C,ERR387866
AJ0142-C,ERR387878
AJ0143-C,ERR387938
AJ0143-C,ERR376616
AJ0143-C,ERR387950
AJ0144-C,ERR388007
AJ0144-C,ERR388115
AJ0144-C,ERR388127
AJ0145-C,ERR387984
AJ0145-C,ERR388068
AJ0145-C,ERR388080
AJ0146-C,ERR388150
AJ0146-C,ERR388018
AJ0146-C,ERR388138
AJ0147-C,ERR388151
AJ0147-C,ERR388139
AJ0147-C,ERR388019
AJ0148-C,ERR388020
AJ0148-C,ERR388140
AJ0148-C,ERR388152
AJ0149-C,ERR388008
AJ0149-C,ERR388116
AJ0149-C,ERR388128
AJ0150-C,ERR388129
AJ0150-C,ERR388009
AJ0150-C,ERR388117
AJ0151-C,ERR387986
AJ0151-C,ERR388070
AJ0151-C,ERR388082
AJ0152-C,ERR376604
AJ0152-C,ERR387914
AJ0152-C,ERR387926
AJ0153-C,ERR403817
AJ0153-C,ERR403829
AJ0153-C,ERR403841
AJ0154-C,ERR387998
AJ0154-C,ERR388094
AJ0154-C,ERR388106
AJ0155-C,ERR388010
AJ0155-C,ERR388118
AJ0155-C,ERR388130
AJ0156-C,ERR403806
AJ0156-C,ERR387758
AJ0156-C,ERR403794
AJ0157-C,ERR388057
AJ0157-C,ERR388045
AJ0157-C,ERR387973
AJ0158-C,ERR387925
AJ0158-C,ERR387913
AJ0158-C,ERR376603
AJ0159-C,ERR387830
AJ0159-C,ERR387818
AJ0159-C,ERR376556
AJ0161-C,ERR387841
AJ0161-C,ERR387853
AJ0161-C,ERR376567
AK0041-C,ERR323756
AK0041-C,ERR327018
AK0041-C,ERR327030
AK0042-C,ERR323815
AK0042-C,ERR328532
AK0042-C,ERR328544
AK0043-C,ERR323767
AK0043-C,ERR327041
AK0043-C,ERR327053
AK0044-C,ERR323744
AK0044-C,ERR326994
AK0044-C,ERR327006
AK0045-Cx,ERR495507
AK0045-Cx,ERR495495
AK0045-Cx,ERR491347
AK0046-C,ERR323696
AK0046-C,ERR327138
AK0046-C,ERR327150
AK0047-C,ERR323698
AK0047-C,ERR327140
AK0047-C,ERR327152
AK0049-C,ERR327137
AK0049-C,ERR323695
AK0049-C,ERR327149
AK0050-C,ERR320208
AK0050-C,ERR317269
AK0050-C,ERR320196
AK0051-C,ERR317278
AK0051-C,ERR320217
AK0051-C,ERR320229
AK0052-C,ERR323743
AK0052-C,ERR327005
AK0052-C,ERR326993
AK0054-C,ERR317267
AK0054-C,ERR320194
AK0054-C,ERR320206
AK0055-C,ERR317266
AK0055-C,ERR320193
AK0055-C,ERR320205
AK0056-C,ERR327139
AK0056-C,ERR323697
AK0056-C,ERR327151
AK0057-Cx,ERR495820
AK0057-Cx,ERR502069
AK0057-Cx,ERR502165
AK0060-C,ERR347014
AK0060-C,ERR347026
AK0060-C,ERR352127
AK0062-C,ERR327048
AK0062-C,ERR327060
AK0062-C,ERR323774
AK0063-C,ERR327035
AK0063-C,ERR327023
AK0063-C,ERR323761
AK0065-C,ERR328551
AK0065-C,ERR328539
AK0065-C,ERR323822
AK0066-Cx,ERR495506
AK0066-Cx,ERR491358
AK0066-Cx,ERR495518
AK0067-C,ERR327008
AK0067-C,ERR323746
AK0067-C,ERR326996
AK0068-C,ERR323765
AK0068-C,ERR327027
AK0068-C,ERR327039
AK0069-C,ERR323701
AK0069-C,ERR327143
AK0069-C,ERR327155
AK0070-C,ERR327146
AK0070-C,ERR323704
AK0070-C,ERR327158
AK0071-C,ERR323824
AK0071-C,ERR328541
AK0071-C,ERR328553
AK0072-C,ERR320236
AK0072-C,ERR320224
AK0072-C,ERR317285
AK0073-C,ERR327010
AK0073-C,ERR326998
AK0073-C,ERR323748
AK0075-Cx,ERR495498
AK0075-Cx,ERR491350
AK0075-Cx,ERR495510
AK0076-C,ERR320226
AK0076-C,ERR317287
AK0076-C,ERR320238
AK0077-C,ERR320215
AK0077-C,ERR317276
AK0077-C,ERR320203
AK0078-C,ERR323703
AK0078-C,ERR327145
AK0078-C,ERR327157
AK0079-C,ERR323700
AK0079-C,ERR327142
AK0079-C,ERR327154
AK0081-C,ERR327025
AK0081-C,ERR323763
AK0081-C,ERR327037
AK0082-C,ERR317286
AK0082-C,ERR320225
AK0082-C,ERR320237
AK0083-C,ERR343489
AK0083-C,ERR346964
AK0083-C,ERR346976
AK0085-C,ERR320197
AK0085-C,ERR320209
AK0085-C,ERR317270
AK0086-C,ERR327059
AK0086-C,ERR327047
AK0086-C,ERR323773
AK0087-C,ERR327015
AK0087-C,ERR327003
AK0087-C,ERR323753
AK0088-C,ERR327063
AK0088-C,ERR327051
AK0088-C,ERR323777
AK0089-C,ERR327160
AK0089-C,ERR323706
AK0089-C,ERR327148
AK0090-Cx,ERR491349
AK0090-Cx,ERR495497
AK0090-Cx,ERR495509
AK0091-C,ERR323759
AK0091-C,ERR327021
AK0091-C,ERR327033
AK0092-Cx,ERR495512
AK0092-Cx,ERR495500
AK0092-Cx,ERR491352
AK0093-C,ERR327000
AK0093-C,ERR327012
AK0093-C,ERR323750
AK0094-C,ERR323762
AK0094-C,ERR327024
AK0094-C,ERR327036
AK0095-C,ERR328552
AK0095-C,ERR323823
AK0095-C,ERR328540
AK0096-C,ERR326997
AK0096-C,ERR327009
AK0096-C,ERR323747
AK0098-C,ERR327007
AK0098-C,ERR326995
AK0098-C,ERR323745
AK0099-C,ERR320235
AK0099-C,ERR320223
AK0099-C,ERR317284
AK0100-Cx,ERR502072
AK0100-Cx,ERR495823
AK0100-Cx,ERR502168
AK0101-C,ERR320214
AK0101-C,ERR317275
AK0101-C,ERR320202
AK0102-C,ERR327159
AK0102-C,ERR327147
AK0102-C,ERR323705
AK0103-Cx,ERR502175
AK0103-Cx,ERR502079
AK0103-Cx,ERR495830
AK0104-C,ERR320211
AK0104-C,ERR320199
AK0104-C,ERR317272
AK0105-C,ERR317288
AK0105-C,ERR320227
AK0105-C,ERR320239
AK0106-C,ERR317283
AK0106-C,ERR320222
AK0106-C,ERR320234
AK0107-C,ERR317273
AK0107-C,ERR320212
AK0107-C,ERR320200
AK0108-C,ERR320213
AK0108-C,ERR317274
AK0108-C,ERR320201
AK0109-Cx,ERR502071
AK0109-Cx,ERR502167
AK0109-Cx,ERR495822
AK0110-C,ERR317271
AK0110-C,ERR320198
AK0110-C,ERR320210
AK0116-C,ERR517138
AK0116-C,ERR516935
AK0116-C,ERR517150
AK0117-C,ERR516936
AK0117-C,ERR517139
AK0117-C,ERR517151
AK0119-C,ERR517152
AK0119-C,ERR517140
AK0119-C,ERR516937
AK0127-C,ERR327038
AK0127-C,ERR327026
AK0127-C,ERR323764
AK0177-C,ERR1658398
AK0177-C,ERR1658434
AK0177-C,ERR1638833
AK0203-C,ERR1638839
AK0203-C,ERR1658404
AK0203-C,ERR1658440
AK0207-C,ERR1638844
AK0207-C,ERR1658409
AK0207-C,ERR1658445
AK0211-C,ERR1658446
AK0211-C,ERR1638845
AK0211-C,ERR1658410
AK0212-C,ERR1658448
AK0212-C,ERR1638847
AK0212-C,ERR1658412
AK0213-C,ERR1638834
AK0213-C,ERR1658399
AK0213-C,ERR1658435
AK0214-C,ERR1638836
AK0214-C,ERR1658401
AK0214-C,ERR1658437
AK0215-C,ERR1638840
AK0215-C,ERR1658405
AK0215-C,ERR1658441
AK0226-C,ERR1658402
AK0226-C,ERR1658438
AK0226-C,ERR1638837
AK0235-C,ERR1638846
AK0235-C,ERR1658411
AK0235-C,ERR1658447
AK0236-C,ERR1638848
AK0236-C,ERR1658413
AK0236-C,ERR1658449
AK0237-C,ERR1638835
AK0237-C,ERR1658400
AK0237-C,ERR1658436
AK0238-C,ERR1638838
AK0238-C,ERR1658403
AK0238-C,ERR1658439
AK0239-C,ERR1658442
AK0239-C,ERR1638841
AK0239-C,ERR1658406
AK0274-C,ERR1638849
AK0274-C,ERR1658414
AK0274-C,ERR1658450
AK0278-C,ERR1638850
AK0278-C,ERR1658415
AK0278-C,ERR1658451
AK0279-C,ERR1658452
AK0279-C,ERR1638851
AK0279-C,ERR1658416
AK0280-C,ERR1658453
AK0280-C,ERR1638852
AK0280-C,ERR1658417
AK0281-C,ERR1638853
AK0281-C,ERR1658418
AK0281-C,ERR1658454
AK0284-C,ERR1818509
AK0284-C,ERR1818485
AK0284-C,ERR1818533
AK0298-C,ERR1818515
AK0298-C,ERR1818491
AK0298-C,ERR1818539
AK0299-C,ERR1818516
AK0299-C,ERR1818492
AK0299-C,ERR1818540
AZ0284-C,ERR1714209
AZ0284-C,ERR1714281
AZ0284-C,ERR1714245
AZ0287-C,ERR1714210
AZ0287-C,ERR1714246
AZ0287-C,ERR1714282
AZ0289-C,ERR1714211
AZ0289-C,ERR1714247
AZ0289-C,ERR1714283
AZ0290-C,ERR1714212
AZ0290-C,ERR1714248
AZ0290-C,ERR1714284
AZ0291-C,ERR1714213
AZ0291-C,ERR1714249
AZ0291-C,ERR1714285
AZ0292-C,ERR1702290
AZ0292-C,ERR1714286
AZ0292-C,ERR1702326
AZ0293-C,ERR1714287
AZ0293-C,ERR1702327
AZ0293-C,ERR1702291
AZ0294-C,ERR1714288
AZ0294-C,ERR1702328
AZ0294-C,ERR1702292
AZ0295-C,ERR1714289
AZ0295-C,ERR1702329
AZ0295-C,ERR1702293
AZ0296-C,ERR1702330
AZ0296-C,ERR1714290
AZ0296-C,ERR1702294
AZ0297-C,ERR1702295
AZ0297-C,ERR1702331
AZ0297-C,ERR1714291
AZ0298-C,ERR1702332
AZ0298-C,ERR1702296
AZ0298-C,ERR1714292
AZ0300-C,ERR1714293
AZ0300-C,ERR1702333
AZ0300-C,ERR1702297
AZ0301-C,ERR1714294
AZ0301-C,ERR1702334
AZ0301-C,ERR1702298
AZ0302-C,ERR1714295
AZ0302-C,ERR1702299
AZ0302-C,ERR1702335
AZ0304-C,ERR1702300
AZ0304-C,ERR1702336
AZ0304-C,ERR1714296
AZ0305-C,ERR1714297
AZ0305-C,ERR1702337
AZ0305-C,ERR1702301
AZ0306-C,ERR1714298
AZ0306-C,ERR1702338
AZ0306-C,ERR1702302
AZ0307-C,ERR1702339
AZ0307-C,ERR1714299
AZ0307-C,ERR1702303
AZ0308-C,ERR1714300
AZ0308-C,ERR1702340
AZ0308-C,ERR1702304
AZ0309-C,ERR1714301
AZ0309-C,ERR1702341
AZ0309-C,ERR1702305
AZ0310-C,ERR1702342
AZ0310-C,ERR1714302
AZ0310-C,ERR1702306
AZ0311-C,ERR1702343
AZ0311-C,ERR1702307
AZ0311-C,ERR1714303
AZ0312-C,ERR1818521
AZ0312-C,ERR1818497
AZ0312-C,ERR1818473
AZ0313-C,ERR1702308
AZ0313-C,ERR1702344
AZ0313-C,ERR1714304
AZ0314-C,ERR1714305
AZ0314-C,ERR1702309
AZ0314-C,ERR1702345
AZ0316-C,ERR1702310
AZ0316-C,ERR1714306
AZ0316-C,ERR1702346
AZ0317-C,ERR1702347
AZ0317-C,ERR1714307
AZ0317-C,ERR1702311
AZ0318-C,ERR1702312
AZ0318-C,ERR1702348
AZ0318-C,ERR1714308
AZ0319-C,ERR1714309
AZ0319-C,ERR1702349
AZ0319-C,ERR1702313
AZ0320-C,ERR1714310
AZ0320-C,ERR1702350
AZ0320-C,ERR1702314
AZ0321-C,ERR1702315
AZ0321-C,ERR1714311
AZ0321-C,ERR1702351
AZ0322-C,ERR1714312
AZ0322-C,ERR1702352
AZ0322-C,ERR1702316
AZ0323-C,ERR1714313
AZ0323-C,ERR1702353
AZ0323-C,ERR1702317
AZ0325-C,ERR1714314
AZ0325-C,ERR1702318
AZ0325-C,ERR1702354
AZ0326-C,ERR1714315
AZ0326-C,ERR1702355
AZ0326-C,ERR1702319
AZ0328-C,ERR1702356
AZ0328-C,ERR1714316
AZ0328-C,ERR1702320
AZ0329-C,ERR1702321
AZ0329-C,ERR1702357
AZ0329-C,ERR1714317
AZ0330-C,ERR1702322
AZ0330-C,ERR1714318
AZ0330-C,ERR1702358
AZ0331-C,ERR1702323
AZ0331-C,ERR1702359
AZ0331-C,ERR1714319
AZ0332-C,ERR1702324
AZ0332-C,ERR1702360
AZ0332-C,ERR1714320
AZ0333-C,ERR1702361
AZ0333-C,ERR1702325
AZ0333-C,ERR1714321
AZ0334-C,ERR1818474
AZ0334-C,ERR1818498
AZ0334-C,ERR1818522
AZ0336-C,ERR1818475
AZ0336-C,ERR1818499
AZ0336-C,ERR1818523
AZ0337-C,ERR1818524
AZ0337-C,ERR1818500
AZ0337-C,ERR1818476
AZ0338-C,ERR1818477
AZ0338-C,ERR1818501
AZ0338-C,ERR1818525
AZ0339-C,ERR1818478
AZ0339-C,ERR1818502
AZ0339-C,ERR1818526
AZ0340-C,ERR1818527
AZ0340-C,ERR1818503
AZ0340-C,ERR1818479
AZ0341-C,ERR1818480
AZ0341-C,ERR1818504
AZ0341-C,ERR1818528
AZ0342-C,ERR1818481
AZ0342-C,ERR1818505
AZ0342-C,ERR1818529
AZ0343-C,ERR1818506
AZ0343-C,ERR1818530
AZ0343-C,ERR1818482
AZ0344-C,ERR1818483
AZ0344-C,ERR1818507
AZ0344-C,ERR1818531
AZ0350-C,ERR1818484
AZ0350-C,ERR1818508
AZ0350-C,ERR1818532
AZ0416-CW,ERR2496794
AZ0416-CW,ERR2496864
AZ0416-CW,ERR2496829
AZ0425-CW,ERR2496841
AZ0425-CW,ERR2496806
AZ0425-CW,ERR2496771
AZ0433-CW,ERR2496820
AZ0433-CW,ERR2496855
AZ0433-CW,ERR2496785
AZ0434-CW,ERR2496790
AZ0434-CW,ERR2496825
AZ0434-CW,ERR2496860
AZ0444-CW,ERR2496865
AZ0444-CW,ERR2496795
AZ0444-CW,ERR2496830
AZ0459-CW,ERR2524390
AZ0459-CW,ERR2524423
AZ0459-CW,ERR2524456
AZ0484-CW,ERR2524444
AZ0484-CW,ERR2524378
AZ0484-CW,ERR2524411
AZ0253-C,ERR1638802
AZ0253-C,ERR1658331
AZ0253-C,ERR1658367
AZ0254-C,ERR1638803
AZ0254-C,ERR1658332
AZ0254-C,ERR1658368
AZ0255-C,ERR1638804
AZ0255-C,ERR1658333
AZ0255-C,ERR1658369
AZ0256-C,ERR1638805
AZ0256-C,ERR1658334
AZ0256-C,ERR1658370
AZ0258-C,ERR1658372
AZ0258-C,ERR1638807
AZ0258-C,ERR1658336
AZ0259-C,ERR1638808
AZ0259-C,ERR1658337
AZ0259-C,ERR1658373
AZ0260-C,ERR1638809
AZ0260-C,ERR1658338
AZ0260-C,ERR1658374
AZ0261-C,ERR1658375
AZ0261-C,ERR1638810
AZ0261-C,ERR1658339
AZ0263-C,ERR1658377
AZ0263-C,ERR1658341
AZ0263-C,ERR1638812
AZ0267-C,ERR1638816
AZ0267-C,ERR1658345
AZ0267-C,ERR1658381
AZ0268-C,ERR1638817
AZ0268-C,ERR1658346
AZ0268-C,ERR1658382
AZ0269-C,ERR1638818
AZ0269-C,ERR1658347
AZ0269-C,ERR1658383
AZ0270-C,ERR1658348
AZ0270-C,ERR1658384
AZ0270-C,ERR1638819
AZ0271-C,ERR1638820
AZ0271-C,ERR1658349
AZ0271-C,ERR1658385
AZ0272-C,ERR1638821
AZ0272-C,ERR1658350
AZ0272-C,ERR1658386
AZ0273-C,ERR1638822
AZ0273-C,ERR1658351
AZ0273-C,ERR1658387
AZ0274-C,ERR1658388
AZ0274-C,ERR1638823
AZ0274-C,ERR1658352
AZ0275-C,ERR1658389
AZ0275-C,ERR1658353
AZ0275-C,ERR1638824
AZ0276-C,ERR1638825
AZ0276-C,ERR1658354
AZ0276-C,ERR1658390
AZ0277-C,ERR1638826
AZ0277-C,ERR1658355
AZ0277-C,ERR1658391
AZ0278-C,ERR1638827
AZ0278-C,ERR1658356
AZ0278-C,ERR1658392
AZ0279-C,ERR1658357
AZ0279-C,ERR1658393
AZ0279-C,ERR1638828
AZ0280-C,ERR1638829
AZ0280-C,ERR1658358
AZ0280-C,ERR1658394
AZ0281-C,ERR1638830
AZ0281-C,ERR1658359
AZ0281-C,ERR1658395
AZ0282-C,ERR1638831
AZ0282-C,ERR1658360
AZ0282-C,ERR1658396
AZ0283-C,ERR1658397
AZ0283-C,ERR1638832
AZ0283-C,ERR1658361
VBS02049-4431STDY6672917,ERR1952621
VBS02049-4431STDY6672917,ERR1952586
VBS02049-4431STDY6672917,ERR1952551
VBS02050-4431STDY6672918,ERR1952552
VBS02050-4431STDY6672918,ERR1952587
VBS02050-4431STDY6672918,ERR1952622
VBS02051-4431STDY6672919,ERR1952553
VBS02051-4431STDY6672919,ERR1952588
VBS02051-4431STDY6672919,ERR1952623
VBS02052-4431STDY6672920,ERR1952554
VBS02052-4431STDY6672920,ERR1952589
VBS02052-4431STDY6672920,ERR1952624
VBS02054-4431STDY6672922,ERR1952591
VBS02054-4431STDY6672922,ERR1952626
VBS02054-4431STDY6672922,ERR1952556
VBS02055-4431STDY6672923,ERR1952557
VBS02055-4431STDY6672923,ERR1952592
VBS02055-4431STDY6672923,ERR1952627
VBS02056-4431STDY6672924,ERR1952558
VBS02056-4431STDY6672924,ERR1952593
VBS02056-4431STDY6672924,ERR1952628
VBS02057-4431STDY6672925,ERR1952559
VBS02057-4431STDY6672925,ERR1952594
VBS02057-4431STDY6672925,ERR1952629
VBS02058-4431STDY6672926,ERR1952630
VBS02058-4431STDY6672926,ERR1952560
VBS02058-4431STDY6672926,ERR1952595
VBS02059-4431STDY6672927,ERR1952631
VBS02059-4431STDY6672927,ERR1952596
VBS02059-4431STDY6672927,ERR1952561
VBS02060-4431STDY6672928,ERR1952562
VBS02060-4431STDY6672928,ERR1952597
VBS02060-4431STDY6672928,ERR1952632
VBS02061-4431STDY6672929,ERR1952563
VBS02061-4431STDY6672929,ERR1952598
VBS02061-4431STDY6672929,ERR1952633
VBS02062-4431STDY6672930,ERR1952564
VBS02062-4431STDY6672930,ERR1952599
VBS02062-4431STDY6672930,ERR1952634
VBS02063-4431STDY6672931,ERR1952600
VBS02063-4431STDY6672931,ERR1952635
VBS02063-4431STDY6672931,ERR1952565
VBS02064-4431STDY6672932,ERR1952566
VBS02064-4431STDY6672932,ERR1952601
VBS02064-4431STDY6672932,ERR1952636
VBS02065-4431STDY6672933,ERR1952567
VBS02065-4431STDY6672933,ERR1952602
VBS02065-4431STDY6672933,ERR1952637
VBS02066-4431STDY6672934,ERR1952568
VBS02066-4431STDY6672934,ERR1952603
VBS02066-4431STDY6672934,ERR1952638
VBS02067-4431STDY6672935,ERR1952639
VBS02067-4431STDY6672935,ERR1952569
VBS02067-4431STDY6672935,ERR1952604
VBS02068-4431STDY6672936,ERR1952640
VBS02068-4431STDY6672936,ERR1952605
VBS02068-4431STDY6672936,ERR1952570
VBS02069-4431STDY6672937,ERR1952571
VBS02069-4431STDY6672937,ERR1952606
VBS02069-4431STDY6672937,ERR1952641
VBS02070-4431STDY6672938,ERR1952572
VBS02070-4431STDY6672938,ERR1952607
VBS02070-4431STDY6672938,ERR1952642
VBS02071-4431STDY6672939,ERR1952573
VBS02071-4431STDY6672939,ERR1952608
VBS02071-4431STDY6672939,ERR1952643
VBS02072-4431STDY6672940,ERR1952609
VBS02072-4431STDY6672940,ERR1952644
VBS02072-4431STDY6672940,ERR1952574
VBS02073-4431STDY6672941,ERR1952575
VBS02073-4431STDY6672941,ERR1952610
VBS02073-4431STDY6672941,ERR1952645
VBS02077-4431STDY6772805,ERR2580789
VBS02077-4431STDY6772805,ERR2580825
VBS02077-4431STDY6772805,ERR2580861
VBS02083-4431STDY6772806,ERR2580790
VBS02083-4431STDY6772806,ERR2580826
VBS02083-4431STDY6772806,ERR2580862
VBS02088-4431STDY6772808,ERR2580864
VBS02088-4431STDY6772808,ERR2580792
VBS02088-4431STDY6772808,ERR2580828
VBS02090-4431STDY6772809,ERR2580865
VBS02090-4431STDY6772809,ERR2580793
VBS02090-4431STDY6772809,ERR2580829
VBS02093-4431STDY6772811,ERR2580795
VBS02093-4431STDY6772811,ERR2580831
VBS02093-4431STDY6772811,ERR2580867
VBS02094-4431STDY6772812,ERR2580796
VBS02094-4431STDY6772812,ERR2580832
VBS02094-4431STDY6772812,ERR2580868
VBS02095-4431STDY6772813,ERR2580797
VBS02095-4431STDY6772813,ERR2580833
VBS02095-4431STDY6772813,ERR2580869
VBS02097-4431STDY6772815,ERR2580835
VBS02097-4431STDY6772815,ERR2580871
VBS02097-4431STDY6772815,ERR2580799
VBS02101-4431STDY6772818,ERR2580802
VBS02101-4431STDY6772818,ERR2580838
VBS02101-4431STDY6772818,ERR2580874
VBS02103-4431STDY6772819,ERR2580803
VBS02103-4431STDY6772819,ERR2580839
VBS02103-4431STDY6772819,ERR2580875
VBS02104-4431STDY6772820,ERR2580804
VBS02104-4431STDY6772820,ERR2580840
VBS02104-4431STDY6772820,ERR2580876
VBS02106-4431STDY6772821,ERR2580805
VBS02106-4431STDY6772821,ERR2580841
VBS02106-4431STDY6772821,ERR2580877
VBS02107-4431STDY6772822,ERR2580878
VBS02107-4431STDY6772822,ERR2580806
VBS02107-4431STDY6772822,ERR2580842
VBS02109-4431STDY6772823,ERR2580807
VBS02109-4431STDY6772823,ERR2580843
VBS02109-4431STDY6772823,ERR2580879
VBS02110-4431STDY6772824,ERR2580808
VBS02110-4431STDY6772824,ERR2580844
VBS02110-4431STDY6772824,ERR2580880
VBS02112-4431STDY6772826,ERR2580882
VBS02112-4431STDY6772826,ERR2580810
VBS02112-4431STDY6772826,ERR2580846
VBS02119-4431STDY6772831,ERR2580887
VBS02119-4431STDY6772831,ERR2580815
VBS02119-4431STDY6772831,ERR2580851
VBS02121-4431STDY6772832,ERR2580816
VBS02121-4431STDY6772832,ERR2580852
VBS02121-4431STDY6772832,ERR2580888
VBS02127-4431STDY6772833,ERR2580853
VBS02127-4431STDY6772833,ERR2580817
VBS02127-4431STDY6772833,ERR2580889
VBS02129-4431STDY6772835,ERR2580855
VBS02129-4431STDY6772835,ERR2580819
VBS02129-4431STDY6772835,ERR2580891
VBS02130-4431STDY6772836,ERR2580856
VBS02130-4431STDY6772836,ERR2580820
VBS02130-4431STDY6772836,ERR2580892
AZ0152-C,ERR1584018
AZ0152-C,ERR1584054
AZ0152-C,ERR1584090
AZ0153-C,ERR1584019
AZ0153-C,ERR1584055
AZ0153-C,ERR1584091
AZ0155-C,ERR1584021
AZ0155-C,ERR1584057
AZ0155-C,ERR1584093
AZ0156-C,ERR1584022
AZ0156-C,ERR1584058
AZ0156-C,ERR1584094
AZ0157-C,ERR1584023
AZ0157-C,ERR1584059
AZ0157-C,ERR1584095
AZ0158-C,ERR1584096
AZ0158-C,ERR1584024
AZ0158-C,ERR1584060
AZ0159-C,ERR1584025
AZ0159-C,ERR1584061
AZ0159-C,ERR1584097
AZ0160-C,ERR1584026
AZ0160-C,ERR1584062
AZ0160-C,ERR1584098
AZ0161-C,ERR1584027
AZ0161-C,ERR1584063
AZ0161-C,ERR1584099
AZ0164-C,ERR1584102
AZ0164-C,ERR1584030
AZ0164-C,ERR1584066
AZ0165-C,ERR1584103
AZ0165-C,ERR1584031
AZ0165-C,ERR1584067
AZ0166-C,ERR1584032
AZ0166-C,ERR1584068
AZ0166-C,ERR1584104
AZ0167-C,ERR1584033
AZ0167-C,ERR1584069
AZ0167-C,ERR1584105
AZ0168-C,ERR1584034
AZ0168-C,ERR1584070
AZ0168-C,ERR1584106
AZ0170-C,ERR1584108
AZ0170-C,ERR1584036
AZ0170-C,ERR1584072
AZ0172-C,ERR1584110
AZ0172-C,ERR1584074
AZ0172-C,ERR1584038
AZ0174-C,ERR1584112
AZ0174-C,ERR1584148
AZ0174-C,ERR1584184
AZ0175-C,ERR1584113
AZ0175-C,ERR1584149
AZ0175-C,ERR1584185
AZ0176-C,ERR1584186
AZ0176-C,ERR1584114
AZ0176-C,ERR1584150
AZ0179-C,ERR1584153
AZ0179-C,ERR1584189
AZ0179-C,ERR1584117
AZ0180-C,ERR1584190
AZ0180-C,ERR1584154
AZ0180-C,ERR1584118
AZ0181-C,ERR1584119
AZ0181-C,ERR1584155
AZ0181-C,ERR1584191
AZ0182-C,ERR1584120
AZ0182-C,ERR1584156
AZ0182-C,ERR1584192
AZ0183-C,ERR1584121
AZ0183-C,ERR1584157
AZ0183-C,ERR1584193
AZ0184-C,ERR1584122
AZ0184-C,ERR1584158
AZ0184-C,ERR1584194
AZ0185-C,ERR1584195
AZ0185-C,ERR1584159
AZ0185-C,ERR1584123
AZ0186-C,ERR1584124
AZ0186-C,ERR1584160
AZ0186-C,ERR1584196
AZ0187-C,ERR1584125
AZ0187-C,ERR1584161
AZ0187-C,ERR1584197
AZ0188-C,ERR1584126
AZ0188-C,ERR1584162
AZ0188-C,ERR1584198
AZ0191-C,ERR1584129
AZ0191-C,ERR1584165
AZ0191-C,ERR1584201
AZ0192-C,ERR1584166
AZ0192-C,ERR1584202
AZ0192-C,ERR1584130
AZ0199-C,ERR1584137
AZ0199-C,ERR1584173
AZ0199-C,ERR1584209
AZ0200-C,ERR1584138
AZ0200-C,ERR1584174
AZ0200-C,ERR1584210
AZ0201-C,ERR1584139
AZ0201-C,ERR1584175
AZ0201-C,ERR1584211
AZ0202-C,ERR1584140
AZ0202-C,ERR1584176
AZ0202-C,ERR1584212
AZ0223-C,ERR1658466
AZ0223-C,ERR1638865
AZ0223-C,ERR1658430
AZ0226-C,ERR1638866
AZ0226-C,ERR1658431
AZ0226-C,ERR1658467
AZ0242-C,ERR1818401
AZ0242-C,ERR1818426
AZ0242-C,ERR1818451
AZ0246-C,ERR1818404
AZ0246-C,ERR1818429
AZ0246-C,ERR1818454
AZ0247-C,ERR1818430
AZ0247-C,ERR1818405
AZ0247-C,ERR1818455
AZ0251-C,ERR1818431
AZ0251-C,ERR1818406
AZ0251-C,ERR1818456
BQ0046-C,ERR1702555
BQ0046-C,ERR1702591
BQ0046-C,ERR1702627
BQ0047-C,ERR1702556
BQ0047-C,ERR1702592
BQ0047-C,ERR1702628
BQ0049-C,ERR1702557
BQ0049-C,ERR1702593
BQ0049-C,ERR1702629
BQ0050-C,ERR1702558
BQ0050-C,ERR1702594
BQ0050-C,ERR1702630
BQ0051-C,ERR1702631
BQ0051-C,ERR1702595
BQ0051-C,ERR1702559
BQ0052-C,ERR1702560
BQ0052-C,ERR1702596
BQ0052-C,ERR1702632
BQ0053-C,ERR1702561
BQ0053-C,ERR1702597
BQ0053-C,ERR1702633
BQ0054-C,ERR1702562
BQ0054-C,ERR1702598
BQ0054-C,ERR1702634
BQ0055-C,ERR1702563
BQ0055-C,ERR1702599
BQ0055-C,ERR1702635
BQ0056-C,ERR1702636
BQ0056-C,ERR1702564
BQ0056-C,ERR1702600
BQ0057-C,ERR1702565
BQ0057-C,ERR1702601
BQ0057-C,ERR1702637
BQ0058-C,ERR1702566
BQ0058-C,ERR1702602
BQ0058-C,ERR1702638
BQ0059-C,ERR1702567
BQ0059-C,ERR1702603
BQ0059-C,ERR1702639
BQ0060-C,ERR1702640
BQ0060-C,ERR1702604
BQ0060-C,ERR1702568
BQ0062-C,ERR1702569
BQ0062-C,ERR1702605
BQ0062-C,ERR1702641
BQ0064-C,ERR1702570
BQ0064-C,ERR1702606
BQ0064-C,ERR1702642
BQ0065-C,ERR1702571
BQ0065-C,ERR1702607
BQ0065-C,ERR1702643
BQ0066-C,ERR1702608
BQ0066-C,ERR1702644
BQ0066-C,ERR1702572
BQ0067-C,ERR1702645
BQ0067-C,ERR1702573
BQ0067-C,ERR1702609
BQ0068-C,ERR1702574
BQ0068-C,ERR1702610
BQ0068-C,ERR1702646
BQ0069-C,ERR1702575
BQ0069-C,ERR1702611
BQ0069-C,ERR1702647
BQ0070-C,ERR1702576
BQ0070-C,ERR1702612
BQ0070-C,ERR1702648
BQ0071-C,ERR1702613
BQ0071-C,ERR1702649
BQ0071-C,ERR1702577
BQ0072-C,ERR1702650
BQ0072-C,ERR1702686
BQ0072-C,ERR1702722
BQ0073-C,ERR1702651
BQ0073-C,ERR1702687
BQ0073-C,ERR1702723
BQ0074-C,ERR1702652
BQ0074-C,ERR1702688
BQ0074-C,ERR1702724
BQ0075-C,ERR1702653
BQ0075-C,ERR1702689
BQ0075-C,ERR1702725
BQ0076-C,ERR1702726
BQ0076-C,ERR1702690
BQ0076-C,ERR1702654
BQ0077-C,ERR1702655
BQ0077-C,ERR1702691
BQ0077-C,ERR1702727
BQ0078-C,ERR1702656
BQ0078-C,ERR1702692
BQ0078-C,ERR1702728
BQ0079-C,ERR1702729
BQ0079-C,ERR1702657
BQ0079-C,ERR1702693
BQ0080-C,ERR1702730
BQ0080-C,ERR1702694
BQ0080-C,ERR1702658
BQ0081-C,ERR1702659
BQ0081-C,ERR1702695
BQ0081-C,ERR1702731
BQ0082-C,ERR1702732
BQ0082-C,ERR1702660
BQ0082-C,ERR1702696
BQ0083-C,ERR1702697
BQ0083-C,ERR1702733
BQ0083-C,ERR1702661
BQ0084-C,ERR1702698
BQ0084-C,ERR1702734
BQ0084-C,ERR1702662
BQ0085-C,ERR1702699
BQ0085-C,ERR1702735
BQ0085-C,ERR1702663
BQ0086-C,ERR1702664
BQ0086-C,ERR1702700
BQ0086-C,ERR1702736
BQ0087-C,ERR1702665
BQ0087-C,ERR1702701
BQ0087-C,ERR1702737
BQ0088-C,ERR1702666
BQ0088-C,ERR1702702
BQ0088-C,ERR1702738
BQ0089-C,ERR1702703
BQ0089-C,ERR1702739
BQ0089-C,ERR1702667
BQ0090-C,ERR1702668
BQ0090-C,ERR1702704
BQ0090-C,ERR1702740
BQ0091-C,ERR1702669
BQ0091-C,ERR1702705
BQ0091-C,ERR1702741
BQ0092-C,ERR1702670
BQ0092-C,ERR1702706
BQ0092-C,ERR1702742
BQ0093-C,ERR1702743
BQ0093-C,ERR1702671
BQ0093-C,ERR1702707
BQ0094-C,ERR1702708
BQ0094-C,ERR1702744
BQ0094-C,ERR1702672
BQ0095-C,ERR1702673
BQ0095-C,ERR1702709
BQ0095-C,ERR1702745
BQ0096-C,ERR1702674
BQ0096-C,ERR1702710
BQ0096-C,ERR1702746
BQ0097-C,ERR1702675
BQ0097-C,ERR1702711
BQ0097-C,ERR1702747
BQ0098-C,ERR1702748
BQ0098-C,ERR1702676
BQ0098-C,ERR1702712
BQ0099-C,ERR1702749
BQ0099-C,ERR1702713
BQ0099-C,ERR1702677
BQ0100-C,ERR1702678
BQ0100-C,ERR1702714
BQ0100-C,ERR1702750
BQ0102-C,ERR1702679
BQ0102-C,ERR1702715
BQ0102-C,ERR1702751
BQ0103-C,ERR1702752
BQ0103-C,ERR1702680
BQ0103-C,ERR1702716
BQ0106-C,ERR1702717
BQ0106-C,ERR1702753
BQ0106-C,ERR1702681
BQ0107-C,ERR1702754
BQ0107-C,ERR1702682
BQ0107-C,ERR1702718
BQ0108-C,ERR1702683
BQ0108-C,ERR1702719
BQ0108-C,ERR1702755
BQ0109-C,ERR1702684
BQ0109-C,ERR1702720
BQ0109-C,ERR1702756
BQ0110-C,ERR1702685
BQ0110-C,ERR1702721
BQ0110-C,ERR1702757
BQ0111-C,ERR1818432
BQ0111-C,ERR1818457
BQ0111-C,ERR1818407
BQ0114-C,ERR1818408
BQ0114-C,ERR1818433
BQ0114-C,ERR1818458
BQ0115-C,ERR1818409
BQ0115-C,ERR1818434
BQ0115-C,ERR1818459
BQ0116-C,ERR1818410
BQ0116-C,ERR1818435
BQ0116-C,ERR1818460
BQ0117-C,ERR1818411
BQ0117-C,ERR1818436
BQ0117-C,ERR1818461
BQ0118-C,ERR1818462
BQ0118-C,ERR1818412
BQ0118-C,ERR1818437
BQ0119-C,ERR1818413
BQ0119-C,ERR1818438
BQ0119-C,ERR1818463
BQ0120-C,ERR1818414
BQ0120-C,ERR1818439
BQ0120-C,ERR1818464
BQ0121-C,ERR1818465
BQ0121-C,ERR1818415
BQ0121-C,ERR1818440
BQ0122-C,ERR1818466
BQ0122-C,ERR1818416
BQ0122-C,ERR1818441
BQ0123-C,ERR1818417
BQ0123-C,ERR1818442
BQ0123-C,ERR1818467
BQ0125-C,ERR1818443
BQ0125-C,ERR1818418
BQ0125-C,ERR1818468
BQ0126-C,ERR1818444
BQ0126-C,ERR1818419
BQ0126-C,ERR1818469
BQ0129-C,ERR1818494
BQ0129-C,ERR1818470
BQ0129-C,ERR1818518
BQ0130-C,ERR1818495
BQ0130-C,ERR1818471
BQ0130-C,ERR1818519
BL0046-C,ERR1554823
BL0046-C,ERR1554859
BL0046-C,ERR1554895
BL0047-C,ERR1554824
BL0047-C,ERR1554860
BL0047-C,ERR1554896
BL0048-C,ERR1554825
BL0048-C,ERR1554861
BL0048-C,ERR1554897
BL0049-C,ERR1554898
BL0049-C,ERR1554862
BL0049-C,ERR1554826
BL0050-C,ERR1554827
BL0050-C,ERR1554863
BL0050-C,ERR1554899
BL0052-C,ERR1554829
BL0052-C,ERR1554865
BL0052-C,ERR1554901
BL0054-C,ERR1554831
BL0054-C,ERR1554867
BL0054-C,ERR1554903
BL0055-C,ERR1554904
BL0055-C,ERR1554832
BL0055-C,ERR1554868
BL0058-C,ERR1554835
BL0058-C,ERR1554871
BL0058-C,ERR1554907
BL0059-C,ERR1554836
BL0059-C,ERR1554872
BL0059-C,ERR1554908
BL0060-C,ERR1554909
BL0060-C,ERR1554873
BL0060-C,ERR1554837
BL0061-C,ERR1554838
BL0061-C,ERR1554874
BL0061-C,ERR1554910
BL0062-C,ERR1554839
BL0062-C,ERR1554875
BL0062-C,ERR1554911
BL0063-C,ERR1554876
BL0063-C,ERR1554912
BL0063-C,ERR1554840
BL0065-C,ERR1554914
BL0065-C,ERR1554878
BL0065-C,ERR1554842
BL0067-C,ERR1554844
BL0067-C,ERR1554880
BL0067-C,ERR1554916
BL0068-C,ERR1554845
BL0068-C,ERR1554881
BL0068-C,ERR1554917
BL0069-C,ERR1554882
BL0069-C,ERR1554918
BL0069-C,ERR1554846
BL0070-C,ERR1554847
BL0070-C,ERR1554883
BL0070-C,ERR1554919
BL0071-C,ERR1554848
BL0071-C,ERR1554884
BL0071-C,ERR1554920
BL0072-C,ERR1554921
BL0072-C,ERR1554849
BL0072-C,ERR1554885
BL0073-C,ERR1554886
BL0073-C,ERR1554922
BL0073-C,ERR1554850
BL0074-C,ERR1554851
BL0074-C,ERR1554887
BL0074-C,ERR1554923
BL0075-C,ERR1554852
BL0075-C,ERR1554888
BL0075-C,ERR1554924
BL0076-C,ERR1554925
BL0076-C,ERR1554853
BL0076-C,ERR1554889
BL0078-C,ERR1554926
BL0078-C,ERR1554890
BL0078-C,ERR1554854
BL0079-C,ERR1554855
BL0079-C,ERR1554891
BL0079-C,ERR1554927
BL0081-C,ERR1554929
BL0081-C,ERR1554857
BL0081-C,ERR1554893
BL0082-C,ERR1554894
BL0082-C,ERR1554930
BL0082-C,ERR1554858
BL0083-C,ERR1555003
BL0083-C,ERR1554931
BL0083-C,ERR1554967
BL0084-C,ERR1554932
BL0084-C,ERR1554968
BL0084-C,ERR1555004
BL0085-C,ERR1554933
BL0085-C,ERR1554969
BL0085-C,ERR1555005
BL0086-C,ERR1554970
BL0086-C,ERR1555006
BL0086-C,ERR1554934
BL0087-C,ERR1554935
BL0087-C,ERR1554971
BL0087-C,ERR1555007
BL0088-C,ERR1554936
BL0088-C,ERR1554972
BL0088-C,ERR1555008
BL0089-C,ERR1555009
BL0089-C,ERR1554937
BL0089-C,ERR1554973
BL0090-C,ERR1555010
BL0090-C,ERR1554974
BL0090-C,ERR1554938
BL0091-C,ERR1554939
BL0091-C,ERR1554975
BL0091-C,ERR1555011
BL0092-C,ERR1554940
BL0092-C,ERR1554976
BL0092-C,ERR1555012
BL0093-C,ERR1554977
BL0093-C,ERR1555013
BL0093-C,ERR1554941
BL0094-C,ERR1554942
BL0094-C,ERR1554978
BL0094-C,ERR1555014
BL0095-C,ERR1554943
BL0095-C,ERR1554979
BL0095-C,ERR1555015
BL0096-C,ERR1555016
BL0096-C,ERR1554944
BL0096-C,ERR1554980
BL0097-C,ERR1555017
BL0097-C,ERR1554981
BL0097-C,ERR1554945
BL0099-C,ERR1554947
BL0099-C,ERR1554983
BL0099-C,ERR1555019
BL0100-C,ERR1554948
BL0100-C,ERR1554984
BL0100-C,ERR1555020
BL0101-C,ERR1554985
BL0101-C,ERR1555021
BL0101-C,ERR1554949
BL0102-C,ERR1554950
BL0102-C,ERR1554986
BL0102-C,ERR1555022
BL0103-C,ERR1554951
BL0103-C,ERR1554987
BL0103-C,ERR1555023
BL0105-C,ERR1555025
BL0105-C,ERR1554953
BL0105-C,ERR1554989
BL0106-C,ERR1555026
BL0106-C,ERR1554990
BL0106-C,ERR1554954
BL0107-C,ERR1554955
BL0107-C,ERR1554991
BL0107-C,ERR1555027
BL0108-C,ERR1554956
BL0108-C,ERR1554992
BL0108-C,ERR1555028
BL0109-C,ERR1554993
BL0109-C,ERR1555029
BL0109-C,ERR1554957
BL0110-C,ERR1554958
BL0110-C,ERR1554994
BL0110-C,ERR1555030
BL0111-C,ERR1554959
BL0111-C,ERR1554995
BL0111-C,ERR1555031
BL0112-C,ERR1555032
BL0112-C,ERR1554960
BL0112-C,ERR1554996
BL0113-C,ERR1554997
BL0113-C,ERR1555033
BL0113-C,ERR1554961
BL0114-C,ERR1555034
BL0114-C,ERR1554962
BL0114-C,ERR1554998
BL0115-C,ERR1554963
BL0115-C,ERR1554999
BL0115-C,ERR1555035
BL0116-C,ERR1554964
BL0116-C,ERR1555000
BL0116-C,ERR1555036
BL0117-C,ERR1554965
BL0117-C,ERR1555001
BL0117-C,ERR1555037
BL0118-C,ERR1555038
BL0118-C,ERR1555002
BL0118-C,ERR1554966
BL0119-C,ERR1583715
BL0119-C,ERR1583751
BL0119-C,ERR1583787
BL0120-C,ERR1583716
BL0120-C,ERR1583752
BL0120-C,ERR1583788
BL0121-C,ERR1583717
BL0121-C,ERR1583753
BL0121-C,ERR1583789
BL0124-C,ERR1583791
BL0124-C,ERR1583719
BL0124-C,ERR1583755
BL0125-C,ERR1583720
BL0125-C,ERR1583756
BL0125-C,ERR1583792
BL0126-C,ERR1583721
BL0126-C,ERR1583757
BL0126-C,ERR1583793
BL0127-C,ERR1583758
BL0127-C,ERR1583722
BL0127-C,ERR1583794
BL0128-C,ERR1583795
BL0128-C,ERR1583723
BL0128-C,ERR1583759
BL0129-C,ERR1583796
BL0129-C,ERR1583724
BL0129-C,ERR1583760
BL0131-C,ERR1583797
BL0131-C,ERR1583761
BL0131-C,ERR1583725
BL0133-C,ERR1583727
BL0133-C,ERR1583799
BL0133-C,ERR1583763
BL0135-C,ERR1583801
BL0135-C,ERR1583765
BL0135-C,ERR1583729
BL0136-C,ERR1583730
BL0136-C,ERR1583766
BL0136-C,ERR1583802
BL0137-C,ERR1583731
BL0137-C,ERR1583767
BL0137-C,ERR1583803
BL0138-C,ERR1583732
BL0138-C,ERR1583768
BL0138-C,ERR1583804
BL0139-C,ERR1583769
BL0139-C,ERR1583805
BL0139-C,ERR1583733
BL0140-C,ERR1583734
BL0140-C,ERR1583770
BL0140-C,ERR1583806
BL0141-C,ERR1583735
BL0141-C,ERR1583771
BL0141-C,ERR1583807
BL0142-C,ERR1583736
BL0142-C,ERR1583772
BL0142-C,ERR1583808
BL0145-C,ERR1583739
BL0145-C,ERR1583775
BL0145-C,ERR1583811
BL0146-C,ERR1583812
BL0146-C,ERR1583740
BL0146-C,ERR1583776
BL0147-C,ERR1583777
BL0147-C,ERR1583741
BL0147-C,ERR1583813
BL0148-C,ERR1583742
BL0148-C,ERR1583778
BL0148-C,ERR1583814
BL0149-C,ERR1583743
BL0149-C,ERR1583779
BL0149-C,ERR1583815
BL0150-C,ERR1583780
BL0150-C,ERR1583744
BL0150-C,ERR1583816
BL0151-C,ERR1583745
BL0151-C,ERR1583781
BL0151-C,ERR1583817
BL0152-C,ERR1583746
BL0152-C,ERR1583782
BL0152-C,ERR1583818
BL0153-C,ERR1583747
BL0153-C,ERR1583819
BL0153-C,ERR1583783
BL0154-C,ERR1583748
BL0154-C,ERR1583784
BL0154-C,ERR1583820
BL0155-C,ERR1583785
BL0155-C,ERR1583821
BL0155-C,ERR1583749
BL0156-C,ERR1583750
BL0156-C,ERR1583786
BL0156-C,ERR1583822
BL0157-C,ERR1583823
BL0157-C,ERR1583859
BL0157-C,ERR1583895
BL0158-C,ERR1583896
BL0158-C,ERR1583860
BL0158-C,ERR1583824
BL0159-C,ERR1583861
BL0159-C,ERR1583897
BL0159-C,ERR1583825
BL0161-C,ERR1583827
BL0161-C,ERR1583863
BL0161-C,ERR1583899
BL0163-C,ERR1583829
BL0163-C,ERR1583865
BL0163-C,ERR1583901
BL0164-C,ERR1583830
BL0164-C,ERR1583866
BL0164-C,ERR1583902
BL0165-C,ERR1583903
BL0165-C,ERR1583831
BL0165-C,ERR1583867
BL0166-C,ERR1583832
BL0166-C,ERR1583868
BL0166-C,ERR1583904
BL0167-C,ERR1583833
BL0167-C,ERR1583869
BL0167-C,ERR1583905
BL0168-C,ERR1583834
BL0168-C,ERR1583870
BL0168-C,ERR1583906
BL0169-C,ERR1583835
BL0169-C,ERR1583871
BL0169-C,ERR1583907
BL0170-C,ERR1583836
BL0170-C,ERR1583872
BL0170-C,ERR1583908
BL0171-C,ERR1583909
BL0171-C,ERR1583837
BL0171-C,ERR1583873
BL0172-C,ERR1583838
BL0172-C,ERR1583874
BL0172-C,ERR1583910
BL0173-C,ERR1583839
BL0173-C,ERR1583875
BL0173-C,ERR1583911
BL0176-C,ERR1583841
BL0176-C,ERR1583877
BL0176-C,ERR1583913
BL0177-C,ERR1583842
BL0177-C,ERR1583878
BL0177-C,ERR1583914
BL0178-C,ERR1583843
BL0178-C,ERR1583879
BL0178-C,ERR1583915
BL0180-C,ERR1583845
BL0180-C,ERR1583881
BL0180-C,ERR1583917
BL0182-C,ERR1583847
BL0182-C,ERR1583919
BL0182-C,ERR1583883
BL0183-C,ERR1583848
BL0183-C,ERR1583884
BL0183-C,ERR1583920
BL0184-C,ERR1583849
BL0184-C,ERR1583885
BL0184-C,ERR1583921
BL0185-C,ERR1583850
BL0185-C,ERR1583886
BL0185-C,ERR1583922
BL0186-C,ERR1583851
BL0186-C,ERR1583887
BL0186-C,ERR1583923
BL0187-C,ERR1583924
BL0187-C,ERR1583888
BL0187-C,ERR1583852
BL0189-C,ERR1583926
BL0189-C,ERR1583890
BL0189-C,ERR1583854
BL0190-C,ERR1583927
BL0190-C,ERR1583891
BL0190-C,ERR1583855
BL0192-C,ERR1583929
BL0192-C,ERR1583893
BL0192-C,ERR1583857
BL0193-C,ERR1583930
BL0193-C,ERR1583858
BL0193-C,ERR1583894
BL0194-C,ERR1583931
BL0194-C,ERR1560322
BL0194-C,ERR1583967
BL0195-C,ERR1560323
BL0195-C,ERR1583932
BL0195-C,ERR1583968
BL0196-C,ERR1560324
BL0196-C,ERR1583933
BL0196-C,ERR1583969
BL0197-C,ERR1560325
BL0197-C,ERR1583934
BL0197-C,ERR1583970
BL0198-C,ERR1560326
BL0198-C,ERR1583935
BL0198-C,ERR1583971
BL0199-C,ERR1583972
BL0199-C,ERR1583936
BL0199-C,ERR1560327
BL0200-C,ERR1560328
BL0200-C,ERR1583937
BL0200-C,ERR1583973
BL0201-C,ERR1583974
BL0201-C,ERR1560329
BL0201-C,ERR1583938
BL0202-C,ERR1560330
BL0202-C,ERR1583939
BL0202-C,ERR1583975
BL0203-C,ERR1583976
BL0203-C,ERR1583940
BL0203-C,ERR1560331
BL0204-C,ERR1560332
BL0204-C,ERR1583941
BL0204-C,ERR1583977
BL0205-C,ERR1560333
BL0205-C,ERR1583942
BL0205-C,ERR1583978
BL0207-C,ERR1560335
BL0207-C,ERR1583944
BL0207-C,ERR1583980
BL0208-C,ERR1560336
BL0208-C,ERR1583981
BL0208-C,ERR1583945
BL0209-C,ERR1560337
BL0209-C,ERR1583946
BL0209-C,ERR1583982
BL0210-C,ERR1560338
BL0210-C,ERR1583947
BL0210-C,ERR1583983
BL0211-C,ERR1560339
BL0211-C,ERR1583948
BL0211-C,ERR1583984
BL0212-C,ERR1583985
BL0212-C,ERR1560340
BL0212-C,ERR1583949
BL0213-C,ERR1560341
BL0213-C,ERR1583950
BL0213-C,ERR1583986
BL0214-C,ERR1560342
BL0214-C,ERR1583951
BL0214-C,ERR1583987
BL0215-C,ERR1560343
BL0215-C,ERR1583988
BL0215-C,ERR1583952
BL0216-C,ERR1560344
BL0216-C,ERR1583989
BL0216-C,ERR1583953
BL0217-C,ERR1560345
BL0217-C,ERR1583954
BL0217-C,ERR1583990
BL0218-C,ERR1583955
BL0218-C,ERR1560346
BL0218-C,ERR1583991
BL0221-C,ERR1560349
BL0221-C,ERR1583958
BL0221-C,ERR1583994
BL0222-C,ERR1560350
BL0222-C,ERR1583959
BL0222-C,ERR1583995
BL0223-C,ERR1560351
BL0223-C,ERR1583960
BL0223-C,ERR1583996
BL0224-C,ERR1560352
BL0224-C,ERR1583961
BL0224-C,ERR1583997
BL0225-C,ERR1583962
BL0225-C,ERR1583998
BL0225-C,ERR1560353
BL0226-C,ERR1560354
BL0226-C,ERR1583963
BL0226-C,ERR1583999
BL0227-C,ERR1560355
BL0227-C,ERR1583964
BL0227-C,ERR1584000
BL0228-C,ERR1560356
BL0228-C,ERR1583965
BL0228-C,ERR1584001
BL0229-C,ERR1583966
BL0229-C,ERR1584002
BL0229-C,ERR1560357
BL0230-C,ERR1584003
BL0230-C,ERR1584039
BL0230-C,ERR1584075
BL0231-C,ERR1584004
BL0231-C,ERR1584040
BL0231-C,ERR1584076
BL0232-C,ERR1584005
BL0232-C,ERR1584041
BL0232-C,ERR1584077
BL0233-C,ERR1584078
BL0233-C,ERR1584006
BL0233-C,ERR1584042
BL0234-C,ERR1584007
BL0234-C,ERR1584043
BL0234-C,ERR1584079
BL0235-C,ERR1584008
BL0235-C,ERR1584044
BL0235-C,ERR1584080
BL0236-C,ERR1584081
BL0236-C,ERR1584009
BL0236-C,ERR1584045
BL0238-C,ERR1584047
BL0238-C,ERR1584083
BL0238-C,ERR1584011
BL0239-C,ERR1584012
BL0239-C,ERR1584048
BL0239-C,ERR1584084
BL0240-C,ERR1584013
BL0240-C,ERR1584049
BL0240-C,ERR1584085
BL0241-C,ERR1584014
BL0241-C,ERR1584050
BL0241-C,ERR1584086
BL0242-C,ERR1584087
BL0242-C,ERR1584051
BL0242-C,ERR1584015
BL0243-C,ERR1584016
BL0243-C,ERR1584052
BL0243-C,ERR1584088
BL0244-C,ERR1584017
BL0244-C,ERR1584053
BL0244-C,ERR1584089
BL0246-C,ERR1610030
BL0246-C,ERR1610282
BL0246-C,ERR1610318
BL0247-C,ERR1610283
BL0247-C,ERR1610319
BL0247-C,ERR1610031
BL0250-CW,ERR2532603
BL0250-CW,ERR2532783
BL0250-CW,ERR2532639
BL0251-C,ERR1610320
BL0251-C,ERR1610032
BL0251-C,ERR1610284
BL0252-C,ERR1610285
BL0252-C,ERR1610033
BL0252-C,ERR1610321
BL0253-C,ERR1610034
BL0253-C,ERR1610286
BL0253-C,ERR1610322
BL0254-C,ERR1610287
BL0254-C,ERR1610035
BL0254-C,ERR1610323
BL0255-C,ERR1610324
BL0255-C,ERR1610036
BL0255-C,ERR1610288
BL0256-C,ERR1610037
BL0256-C,ERR1610289
BL0256-C,ERR1610325
BL0257-C,ERR1610038
BL0257-C,ERR1610290
BL0257-C,ERR1610326
BL0258-C,ERR1610327
BL0258-C,ERR1610291
BL0258-C,ERR1610039
BL0259-C,ERR1610292
BL0259-C,ERR1610328
BL0259-C,ERR1610040
BL0260-C,ERR1610041
BL0260-C,ERR1610293
BL0260-C,ERR1610329
BL0261-C,ERR1610294
BL0261-C,ERR1610042
BL0261-C,ERR1610330
BL0263-C,ERR1610295
BL0263-C,ERR1610043
BL0263-C,ERR1610331
BL0264-C,ERR1610332
BL0264-C,ERR1610044
BL0264-C,ERR1610296
BL0266-C,ERR1610045
BL0266-C,ERR1610297
BL0266-C,ERR1610333
BL0267-C,ERR1610046
BL0267-C,ERR1610298
BL0267-C,ERR1610334
BL0269-C,ERR1610335
BL0269-C,ERR1610299
BL0269-C,ERR1610047
BL0271-C,ERR1610300
BL0271-C,ERR1610336
BL0271-C,ERR1610048
BL0272-C,ERR1610049
BL0272-C,ERR1610301
BL0272-C,ERR1610337
BL0273-C,ERR1610338
BL0273-C,ERR1610302
BL0273-C,ERR1610050
BL0275-C,ERR1610051
BL0275-C,ERR1610303
BL0275-C,ERR1610339
BL0276-C,ERR1610340
BL0276-C,ERR1610052
BL0276-C,ERR1610304
BL0277-C,ERR1610053
BL0277-C,ERR1610341
BL0277-C,ERR1610305
BL0278-C,ERR1610054
BL0278-C,ERR1610306
BL0278-C,ERR1610342
BL0280-C,ERR1610055
BL0280-C,ERR1610307
BL0280-C,ERR1610343
BL0281-C,ERR1610344
BL0281-C,ERR1610308
BL0281-C,ERR1610056
BL0282-C,ERR1610345
BL0282-C,ERR1610057
BL0282-C,ERR1610309
BL0283-C,ERR1610058
BL0283-C,ERR1610310
BL0283-C,ERR1610346
BL0284-C,ERR1610059
BL0284-C,ERR1610311
BL0284-C,ERR1610347
BL0285-C,ERR1610348
BL0285-C,ERR1610060
BL0285-C,ERR1610312
BL0286-C,ERR1610061
BL0286-C,ERR1610313
BL0286-C,ERR1610349
BL0287-C,ERR1610350
BL0287-C,ERR1610062
BL0287-C,ERR1610314
BL0288-C,ERR1610063
BL0288-C,ERR1610315
BL0288-C,ERR1610351
BL0290-C,ERR1610064
BL0290-C,ERR1610316
BL0290-C,ERR1610352
BL0291-C,ERR1610353
BL0291-C,ERR1610317
BL0291-C,ERR1610065
BL0292-C,ERR1610390
BL0292-C,ERR1610426
BL0292-C,ERR1610354
BL0293-C,ERR1610355
BL0293-C,ERR1610391
BL0293-C,ERR1610427
BL0294-C,ERR1610392
BL0294-C,ERR1610428
BL0294-C,ERR1610356
BL0296-C,ERR1610393
BL0296-C,ERR1610357
BL0296-C,ERR1610429
BL0297-C,ERR1610430
BL0297-C,ERR1610358
BL0297-C,ERR1610394
BL0298-C,ERR1610431
BL0298-C,ERR1610395
BL0298-C,ERR1610359
BL0299-C,ERR1610360
BL0299-C,ERR1610432
BL0299-C,ERR1610396
BL0300-C,ERR1610397
BL0300-C,ERR1610433
BL0300-C,ERR1610361
BL0301-C,ERR1610362
BL0301-C,ERR1610398
BL0301-C,ERR1610434
BL0302-C,ERR1610363
BL0302-C,ERR1610399
BL0302-C,ERR1610435
BL0303-C,ERR1610364
BL0303-C,ERR1610400
BL0303-C,ERR1610436
BL0304-C,ERR1610437
BL0304-C,ERR1610365
BL0304-C,ERR1610401
BL0305-C,ERR1610366
BL0305-C,ERR1610402
BL0305-C,ERR1610438
BL0306-C,ERR1610439
BL0306-C,ERR1610367
BL0306-C,ERR1610403
BL0307-C,ERR1610368
BL0307-C,ERR1610404
BL0307-C,ERR1610440
BL0308-C,ERR1610405
BL0308-C,ERR1610441
BL0308-C,ERR1610369
BL0309-C,ERR1610370
BL0309-C,ERR1610406
BL0309-C,ERR1610442
BL0310-C,ERR1610443
BL0310-C,ERR1610371
BL0310-C,ERR1610407
BL0311-C,ERR1610372
BL0311-C,ERR1610408
BL0311-C,ERR1610444
BL0312-C,ERR1610445
BL0312-C,ERR1610373
BL0312-C,ERR1610409
BL0313-C,ERR1610374
BL0313-C,ERR1610410
BL0313-C,ERR1610446
BL0314-C,ERR1610375
BL0314-C,ERR1610411
BL0314-C,ERR1610447
BL0315-C,ERR1610376
BL0315-C,ERR1610412
BL0315-C,ERR1610448
BL0316-C,ERR1610377
BL0316-C,ERR1610413
BL0316-C,ERR1610449
BL0317-C,ERR1610414
BL0317-C,ERR1610378
BL0317-C,ERR1610450
BL0318-C,ERR1610415
BL0318-C,ERR1610379
BL0318-C,ERR1610451
BL0319-C,ERR1610452
BL0319-C,ERR1610380
BL0319-C,ERR1610416
BL0320-C,ERR1610381
BL0320-C,ERR1610417
BL0320-C,ERR1610453
BL0321-C,ERR1610418
BL0321-C,ERR1610454
BL0321-C,ERR1610382
BL0322-C,ERR1610383
BL0322-C,ERR1610419
BL0322-C,ERR1610455
BL0323-C,ERR1610384
BL0323-C,ERR1610420
BL0323-C,ERR1610456
BL0324-C,ERR1610421
BL0324-C,ERR1610385
BL0324-C,ERR1610457
BL0325-C,ERR1610458
BL0325-C,ERR1610386
BL0325-C,ERR1610422
BL0326-C,ERR1610387
BL0326-C,ERR1610459
BL0326-C,ERR1610423
BL0327-C,ERR1610388
BL0327-C,ERR1610424
BL0327-C,ERR1610460
BL0328-C,ERR1610389
BL0328-C,ERR1610425
BL0328-C,ERR1610461
BL0332-C,ERR1638545
BL0332-C,ERR1638509
BL0332-C,ERR1638473
BL0333-C,ERR1638546
BL0333-C,ERR1638474
BL0333-C,ERR1638510
BL0334-C,ERR1638475
BL0334-C,ERR1638511
BL0334-C,ERR1638547
BL0335-C,ERR1638476
BL0335-C,ERR1638512
BL0335-C,ERR1638548
BL0336-C,ERR1638549
BL0336-C,ERR1638477
BL0336-C,ERR1638513
BL0337-C,ERR1638478
BL0337-C,ERR1638514
BL0337-C,ERR1638550
BL0338-C,ERR1638551
BL0338-C,ERR1638479
BL0338-C,ERR1638515
BL0339-C,ERR1638480
BL0339-C,ERR1638516
BL0339-C,ERR1638552
BL0340-C,ERR1638481
BL0340-C,ERR1638517
BL0340-C,ERR1638553
BL0341-C,ERR1638554
BL0341-C,ERR1638518
BL0341-C,ERR1638482
BL0342-C,ERR1638519
BL0342-C,ERR1638555
BL0342-C,ERR1638483
BL0343-C,ERR1638484
BL0343-C,ERR1638520
BL0343-C,ERR1638556
BL0344-C,ERR1638521
BL0344-C,ERR1638485
BL0344-C,ERR1638557
BL0345-C,ERR1638522
BL0345-C,ERR1638486
BL0345-C,ERR1638558
BL0346-C,ERR1638559
BL0346-C,ERR1638487
BL0346-C,ERR1638523
BL0347-C,ERR1638524
BL0347-C,ERR1638488
BL0347-C,ERR1638560
BL0348-C,ERR1638489
BL0348-C,ERR1638525
BL0348-C,ERR1638561
BL0350-C,ERR1638491
BL0350-C,ERR1638527
BL0350-C,ERR1638563
BL0351-C,ERR1638492
BL0351-C,ERR1638528
BL0351-C,ERR1638564
BL0352-C,ERR1638493
BL0352-C,ERR1638529
BL0352-C,ERR1638565
BL0353-C,ERR1638566
BL0353-C,ERR1638494
BL0353-C,ERR1638530
BL0354-C,ERR1638495
BL0354-C,ERR1638531
BL0354-C,ERR1638567
BL0356-C,ERR1638569
BL0356-C,ERR1638497
BL0356-C,ERR1638533
BL0357-C,ERR1638498
BL0357-C,ERR1638534
BL0357-C,ERR1638570
BL0358-C,ERR1638535
BL0358-C,ERR1638571
BL0358-C,ERR1638499
BL0359-C,ERR1638500
BL0359-C,ERR1638536
BL0359-C,ERR1638572
BL0360-C,ERR1638537
BL0360-C,ERR1638501
BL0360-C,ERR1638573
BL0361-C,ERR1638538
BL0361-C,ERR1638502
BL0361-C,ERR1638574
BL0362-C,ERR1638575
BL0362-C,ERR1638503
BL0362-C,ERR1638539
BL0363-C,ERR1638504
BL0363-C,ERR1638540
BL0363-C,ERR1638576
BL0365-C,ERR1638506
BL0365-C,ERR1638542
BL0365-C,ERR1638578
BL0366-C,ERR1638543
BL0366-C,ERR1638507
BL0366-C,ERR1638579
BL0367-C,ERR1638544
BL0367-C,ERR1638580
BL0367-C,ERR1638508
BL0368-C,ERR1638581
BL0368-C,ERR1638617
BL0368-C,ERR1638653
BL0370-C,ERR1638583
BL0370-C,ERR1638619
BL0370-C,ERR1638655
BL0371-C,ERR1638620
BL0371-C,ERR1638584
BL0371-C,ERR1638656
BL0372-C,ERR1638621
BL0372-C,ERR1638585
BL0372-C,ERR1638657
BL0373-C,ERR1638658
BL0373-C,ERR1638586
BL0373-C,ERR1638622
BL0375-C,ERR1638588
BL0375-C,ERR1638624
BL0375-C,ERR1638660
BL0376-C,ERR1638589
BL0376-C,ERR1638661
BL0376-C,ERR1638625
BL0377-C,ERR1638590
BL0377-C,ERR1638626
BL0377-C,ERR1638662
BL0378-C,ERR1638591
BL0378-C,ERR1638627
BL0378-C,ERR1638663
BL0379-C,ERR1638628
BL0379-C,ERR1638664
BL0379-C,ERR1638592
BL0380-C,ERR1638629
BL0380-C,ERR1638665
BL0380-C,ERR1638593
BL0381-C,ERR1638594
BL0381-C,ERR1638630
BL0381-C,ERR1638666
BL0382-C,ERR1638595
BL0382-C,ERR1638631
BL0382-C,ERR1638667
BL0383-C,ERR1638596
BL0383-C,ERR1638632
BL0383-C,ERR1638668
BL0384-C,ERR1638597
BL0384-C,ERR1638633
BL0384-C,ERR1638669
BL0385-C,ERR1638634
BL0385-C,ERR1638670
BL0385-C,ERR1638598
BL0386-C,ERR1638599
BL0386-C,ERR1638635
BL0386-C,ERR1638671
BL0387-C,ERR1638636
BL0387-C,ERR1638672
BL0387-C,ERR1638600
BL0388-C,ERR1638637
BL0388-C,ERR1638673
BL0388-C,ERR1638601
BL0389-C,ERR1638602
BL0389-C,ERR1638638
BL0389-C,ERR1638674
BL0391-C,ERR1638604
BL0391-C,ERR1638676
BL0391-C,ERR1638640
BL0392-C,ERR1638677
BL0392-C,ERR1638605
BL0392-C,ERR1638641
BL0393-C,ERR1638606
BL0393-C,ERR1638642
BL0393-C,ERR1638678
BL0394-C,ERR1638607
BL0394-C,ERR1638643
BL0394-C,ERR1638679
AC0007-C,ERR328809
AC0007-C,ERR331968
AC0007-C,ERR331980
AC0008-C,ERR320061
AC0008-C,ERR328460
AC0008-C,ERR328472
AC0009-Cx,ERR491266
AC0009-Cx,ERR495762
AC0009-Cx,ERR501999
AC0010-C,ERR328772
AC0010-C,ERR331895
AC0010-C,ERR331907
AC0011-C,ERR331811
AC0011-C,ERR331799
AC0011-C,ERR327281
AC0012-Cx,ERR491314
AC0012-Cx,ERR495426
AC0012-Cx,ERR495438
AC0013-Cx,ERR495615
AC0013-Cx,ERR501888
AC0013-Cx,ERR501900
AC0014-C,ERR320063
AC0014-C,ERR328462
AC0014-C,ERR328474
AC0015-C,ERR327293
AC0015-C,ERR331823
AC0015-C,ERR331835
AC0016-C,ERR331765
AC0016-C,ERR327259
AC0016-C,ERR331753
AC0017-C,ERR327295
AC0017-C,ERR331825
AC0017-C,ERR331837
AC0018-Cx,ERR491288
AC0018-Cx,ERR495376
AC0018-Cx,ERR495388
AC0019-C,ERR327260
AC0019-C,ERR331754
AC0019-C,ERR331766
AC0021-C,ERR331910
AC0021-C,ERR331898
AC0021-C,ERR328775
AC0022-C,ERR327271
AC0022-C,ERR331777
AC0022-C,ERR331789
AC0023-C,ERR327269
AC0023-C,ERR331775
AC0023-C,ERR331787
AC0024-Cx,ERR491300
AC0024-Cx,ERR495400
AC0024-Cx,ERR495412
AC0025-C,ERR328461
AC0025-C,ERR328473
AC0025-C,ERR320062
AC0026-C,ERR331788
AC0026-C,ERR327270
AC0026-C,ERR331776
AC0027-C,ERR320013
AC0027-C,ERR327401
AC0027-C,ERR328402
AC0028-C,ERR328820
AC0028-C,ERR331991
AC0028-C,ERR332003
AC0029-C,ERR327272
AC0029-C,ERR331778
AC0029-C,ERR331790
AC0030-C,ERR331800
AC0030-C,ERR331812
AC0030-C,ERR327282
AC0031-Cx,ERR491275
AC0031-Cx,ERR495351
AC0031-Cx,ERR495363
AC0032-C,ERR319978
AC0032-C,ERR327330
AC0032-C,ERR327342
AC0033-Cx,ERR495543
AC0033-Cx,ERR501720
AC0033-Cx,ERR501732
AC0034-C,ERR328774
AC0034-C,ERR331897
AC0034-C,ERR331909
AC0035-C,ERR331716
AC0035-C,ERR331704
AC0035-C,ERR327234
AC0036-C,ERR328786
AC0036-C,ERR331921
AC0036-C,ERR331933
AC0037-C,ERR327296
AC0037-C,ERR331826
AC0037-C,ERR331838
AC0038-Cx,ERR502001
AC0038-Cx,ERR491268
AC0038-Cx,ERR495764
AC0039-C,ERR327390
AC0039-C,ERR327378
AC0039-C,ERR320002
AC0040-C,ERR320004
AC0040-C,ERR327380
AC0040-C,ERR327392
AC0041-Cx,ERR495435
AC0041-Cx,ERR491311
AC0041-Cx,ERR495423
AC0042-C,ERR331967
AC0042-C,ERR331979
AC0042-C,ERR328808
AC0043-C,ERR328414
AC0043-C,ERR328426
AC0043-C,ERR320039
AC0044-Cx,ERR501996
AC0044-Cx,ERR491263
AC0044-Cx,ERR495759
AC0045-C,ERR327319
AC0045-C,ERR331873
AC0045-C,ERR331885
AC0046-C,ERR320038
AC0046-C,ERR327403
AC0046-C,ERR328425
AC0047-C,ERR327257
AC0047-C,ERR331751
AC0047-C,ERR331763
AC0048-Cx,ERR501816
AC0048-Cx,ERR501828
AC0048-Cx,ERR495591
AC0049-C,ERR327235
AC0049-C,ERR331705
AC0049-C,ERR331717
AC0050-Cx,ERR491276
AC0050-Cx,ERR495352
AC0050-Cx,ERR495364
AC0051-C,ERR319989
AC0051-C,ERR327353
AC0051-C,ERR327365
AC0052-Cx,ERR495411
AC0052-Cx,ERR491299
AC0052-Cx,ERR495399
AC0053-C,ERR331814
AC0053-C,ERR331802
AC0053-C,ERR327284
AC0054-C,ERR320050
AC0054-C,ERR328437
AC0054-C,ERR328449
AC0055-C,ERR327258
AC0055-C,ERR331752
AC0055-C,ERR331764
AC0056-C,ERR319977
AC0056-C,ERR327329
AC0056-C,ERR327341
AC0057-C,ERR327402
AC0057-C,ERR328424
AC0057-C,ERR320037
AC0058-C,ERR320041
AC0058-C,ERR328416
AC0058-C,ERR328428
AC0059-C,ERR320049
AC0059-C,ERR328436
AC0059-C,ERR328448
AC0060-C,ERR319979
AC0060-C,ERR327331
AC0060-C,ERR327343
AC0061-C,ERR328773
AC0061-C,ERR331896
AC0061-C,ERR331908
AC0062-C,ERR328450
AC0062-C,ERR328438
AC0062-C,ERR320051
AC0063-C,ERR320025
AC0063-C,ERR343559
AC0063-C,ERR343571
AC0064-C,ERR320040
AC0064-C,ERR328415
AC0064-C,ERR328427
AC0065-C,ERR320015
AC0065-C,ERR328392
AC0065-C,ERR328404
AC0066-C,ERR327344
AC0066-C,ERR327332
AC0066-C,ERR319980
AC0067-Cx,ERR491278
AC0067-Cx,ERR495354
AC0067-Cx,ERR495366
AC0068-C,ERR320030
AC0068-C,ERR343564
AC0068-C,ERR343576
AC0069-C,ERR320003
AC0069-C,ERR327379
AC0069-C,ERR327391
AC0070-C,ERR331932
AC0070-C,ERR331920
AC0070-C,ERR328785
AC0071-C,ERR320007
AC0071-C,ERR327383
AC0071-C,ERR327395
AC0072-C,ERR319981
AC0072-C,ERR327333
AC0072-C,ERR327345
AC0073-C,ERR319982
AC0073-C,ERR327334
AC0073-C,ERR327346
AC0074-C,ERR327394
AC0074-C,ERR327382
AC0074-C,ERR320006
AC0075-C,ERR320029
AC0075-C,ERR343563
AC0075-C,ERR343575
AC0076-C,ERR327261
AC0076-C,ERR331755
AC0076-C,ERR331767
AC0077-C,ERR320005
AC0077-C,ERR327381
AC0077-C,ERR327393
AC0078-C,ERR327335
AC0078-C,ERR327347
AC0078-C,ERR319983
AC0079-C,ERR331801
AC0079-C,ERR331813
AC0079-C,ERR327283
AC0080-Cx,ERR502000
AC0080-Cx,ERR491267
AC0080-Cx,ERR495763
AC0081-C,ERR327318
AC0081-C,ERR331872
AC0081-C,ERR331884
AC0082-C,ERR328784
AC0082-C,ERR331919
AC0082-C,ERR331931
AC0083-C,ERR320001
AC0083-C,ERR327377
AC0083-C,ERR327389
AC0084-C,ERR343560
AC0084-C,ERR343572
AC0084-C,ERR320026
AC0085-C,ERR320014
AC0085-C,ERR328391
AC0085-C,ERR328403
AC0086-C,ERR320027
AC0086-C,ERR343561
AC0086-C,ERR343573
AC0087-Cx,ERR491277
AC0087-Cx,ERR495353
AC0087-Cx,ERR495365
AC0088-C,ERR343574
AC0088-C,ERR320028
AC0088-C,ERR343562
AC0089-Cx,ERR501737
AC0089-Cx,ERR501725
AC0089-Cx,ERR495548
AC0090-C,ERR328776
AC0090-C,ERR331899
AC0090-C,ERR331911
AC0091-Cx,ERR495571
AC0091-Cx,ERR501772
AC0091-Cx,ERR501784
AC0092-C,ERR328825
AC0092-C,ERR331996
AC0092-C,ERR332008
AC0093-C,ERR331975
AC0093-C,ERR331987
AC0093-C,ERR328816
AC0094-C,ERR328798
AC0094-C,ERR331945
AC0094-C,ERR331957
AC0095-C,ERR328839
AC0095-C,ERR332022
AC0095-C,ERR332034
AC0096-Cx,ERR495549
AC0096-Cx,ERR501726
AC0096-Cx,ERR501738
AC0097-C,ERR327351
AC0097-C,ERR319987
AC0097-C,ERR327339
AC0098-C,ERR332005
AC0098-C,ERR331993
AC0098-C,ERR328822
AC0099-C,ERR327273
AC0099-C,ERR331779
AC0099-C,ERR331791
AC0100-C,ERR328789
AC0100-C,ERR331924
AC0100-C,ERR331936
AC0101-C,ERR320048
AC0101-C,ERR328423
AC0101-C,ERR328435
AC0102-Cx,ERR495379
AC0102-Cx,ERR495391
AC0102-Cx,ERR491291
AC0103-Cx,ERR491322
AC0103-Cx,ERR495434
AC0103-Cx,ERR495446
AC0104-Cx,ERR491272
AC0104-Cx,ERR495768
AC0104-Cx,ERR502005
AC0105-C,ERR320055
AC0105-C,ERR328442
AC0105-C,ERR328454
AC0106-C,ERR331942
AC0106-C,ERR328795
AC0106-C,ERR331930
AC0107-C,ERR331940
AC0107-C,ERR331928
AC0107-C,ERR328793
AC0108-C,ERR327291
AC0108-C,ERR331809
AC0108-C,ERR331821
AC0109-C,ERR327302
AC0109-C,ERR331832
AC0109-C,ERR331844
AC0110-Cx,ERR495576
AC0110-Cx,ERR501777
AC0110-Cx,ERR501789
AC0111-Cx,ERR501746
AC0111-Cx,ERR501758
AC0111-Cx,ERR495557
AC0112-C,ERR320057
AC0112-C,ERR328444
AC0112-C,ERR328456
AC0113-Cx,ERR495553
AC0113-Cx,ERR501730
AC0113-Cx,ERR501742
AC0114-C,ERR328787
AC0114-C,ERR331922
AC0114-C,ERR331934
AC0115-C,ERR327290
AC0115-C,ERR331808
AC0115-C,ERR331820
AC0116-C,ERR331846
AC0116-C,ERR331834
AC0116-C,ERR327304
AC0117-Cx,ERR491309
AC0117-Cx,ERR495409
AC0117-Cx,ERR495421
AC0118-C,ERR328781
AC0118-C,ERR331904
AC0118-C,ERR331916
AC0119-C,ERR320012
AC0119-C,ERR327388
AC0119-C,ERR327400
AC0120-C,ERR328429
AC0120-C,ERR328417
AC0120-C,ERR320042
AC0121-C,ERR319988
AC0121-C,ERR327340
AC0121-C,ERR327352
AC0122-C,ERR328790
AC0122-C,ERR331925
AC0122-C,ERR331937
AC0123-C,ERR327301
AC0123-C,ERR331831
AC0123-C,ERR331843
AC0124-C,ERR331782
AC0124-C,ERR331794
AC0124-C,ERR327276
AC0125-C,ERR320047
AC0125-C,ERR328422
AC0125-C,ERR328434
AC0126-Cx,ERR491318
AC0126-Cx,ERR495430
AC0126-Cx,ERR495442
AC0127-C,ERR327311
AC0127-C,ERR331853
AC0127-C,ERR331865
AC0128-Cx,ERR501759
AC0128-Cx,ERR501747
AC0128-Cx,ERR495558
AC0129-C,ERR328803
AC0129-C,ERR331950
AC0129-C,ERR331962
AC0130-C,ERR327274
AC0130-C,ERR331780
AC0130-C,ERR331792
AC0131-C,ERR320066
AC0131-C,ERR328465
AC0131-C,ERR328477
AC0132-C,ERR331713
AC0132-C,ERR331725
AC0132-C,ERR327243
AC0133-C,ERR332004
AC0133-C,ERR331992
AC0133-C,ERR328821
AC0134-Cx,ERR495771
AC0134-Cx,ERR502032
AC0134-Cx,ERR502116
AC0135-C,ERR327286
AC0135-C,ERR331804
AC0135-C,ERR331816
AC0136-C,ERR319984
AC0136-C,ERR327336
AC0136-C,ERR327348
AC0137-C,ERR331963
AC0137-C,ERR331951
AC0137-C,ERR328804
AC0138-Cx,ERR491294
AC0138-Cx,ERR495382
AC0138-Cx,ERR495394
AC0139-C,ERR327326
AC0139-C,ERR331880
AC0139-C,ERR331892
AC0140-C,ERR327266
AC0140-C,ERR331760
AC0140-C,ERR331772
AC0141-C,ERR332046
AC0141-C,ERR332058
AC0141-C,ERR328851
AC0142-C,ERR327303
AC0142-C,ERR331833
AC0142-C,ERR331845
AC0143-C,ERR320021
AC0143-C,ERR328398
AC0143-C,ERR328410
AC0144-Cx,ERR491293
AC0144-Cx,ERR495381
AC0144-Cx,ERR495393
AC0145-Cx,ERR495371
AC0145-Cx,ERR495359
AC0145-Cx,ERR491283
AC0146-C,ERR327263
AC0146-C,ERR331757
AC0146-C,ERR331769
AC0147-Cx,ERR491284
AC0147-Cx,ERR495360
AC0147-Cx,ERR495372
AC0148-C,ERR327267
AC0148-C,ERR331761
AC0148-C,ERR331773
AC0149-Cx,ERR495401
AC0149-Cx,ERR495413
AC0149-Cx,ERR491301
AC0150-C,ERR331807
AC0150-C,ERR331819
AC0150-C,ERR327289
AC0151-C,ERR331877
AC0151-C,ERR331889
AC0151-C,ERR327323
AC0152-C,ERR331783
AC0152-C,ERR331795
AC0152-C,ERR327277
AC0153-C,ERR327264
AC0153-C,ERR331758
AC0153-C,ERR331770
AC0154-C,ERR328823
AC0154-C,ERR331994
AC0154-C,ERR332006
AC0155-C,ERR319990
AC0155-C,ERR327354
AC0155-C,ERR327366
AC0156-C,ERR331901
AC0156-C,ERR331913
AC0156-C,ERR328778
AC0157-C,ERR328824
AC0157-C,ERR331995
AC0157-C,ERR332007
AC0158-C,ERR327287
AC0158-C,ERR331805
AC0158-C,ERR331817
AC0159-C,ERR328792
AC0159-C,ERR331927
AC0159-C,ERR331939
AC0160-C,ERR328481
AC0160-C,ERR320070
AC0160-C,ERR328469
AC0161-C,ERR328432
AC0161-C,ERR328420
AC0161-C,ERR320045
AC0162-Cx,ERR491308
AC0162-Cx,ERR495408
AC0162-Cx,ERR495420
AC0163-C,ERR328782
AC0163-C,ERR331905
AC0163-C,ERR331917
AC0164-C,ERR319991
AC0164-C,ERR327355
AC0164-C,ERR327367
AC0166-C,ERR343565
AC0166-C,ERR343577
AC0166-C,ERR320031
AC0167-C,ERR327279
AC0167-C,ERR331785
AC0167-C,ERR331797
AC0168-Cx,ERR491306
AC0168-Cx,ERR495406
AC0168-Cx,ERR495418
AC0169-C,ERR327265
AC0169-C,ERR331759
AC0169-C,ERR331771
AC0170-C,ERR343579
AC0170-C,ERR320033
AC0170-C,ERR343567
AC0171-C,ERR331818
AC0171-C,ERR331806
AC0171-C,ERR327288
AC0172-C,ERR327262
AC0172-C,ERR331756
AC0172-C,ERR331768
AC0173-C,ERR319992
AC0173-C,ERR327356
AC0173-C,ERR327368
AC0174-Cx,ERR491310
AC0174-Cx,ERR495410
AC0174-Cx,ERR495422
AC0176-Cx,ERR495361
AC0176-Cx,ERR495373
AC0176-Cx,ERR491285
AC0177-C,ERR320044
AC0177-C,ERR328419
AC0177-C,ERR328431
AC0178-C,ERR327280
AC0178-C,ERR331786
AC0178-C,ERR331798
AC0179-C,ERR320065
AC0179-C,ERR328464
AC0179-C,ERR328476
AC0180-C,ERR328411
AC0180-C,ERR320022
AC0180-C,ERR328399
AC0181-C,ERR328453
AC0181-C,ERR328441
AC0181-C,ERR320054
AC0182-C,ERR320032
AC0182-C,ERR343566
AC0182-C,ERR343578
AC0183-C,ERR327278
AC0183-C,ERR331784
AC0183-C,ERR331796
AC0184-C,ERR320023
AC0184-C,ERR328400
AC0184-C,ERR328412
AC0185-C,ERR331810
AC0185-C,ERR331822
AC0185-C,ERR327292
AC0186-C,ERR320067
AC0186-C,ERR328466
AC0186-C,ERR328478
AC0187-C,ERR320018
AC0187-C,ERR328395
AC0187-C,ERR328407
AC0188-C,ERR319993
AC0188-C,ERR327357
AC0188-C,ERR327369
AC0189-C,ERR331774
AC0189-C,ERR327268
AC0189-C,ERR331762
AC0190-C,ERR327386
AC0190-C,ERR327398
AC0190-C,ERR320010
AC0191-C,ERR319994
AC0191-C,ERR327358
AC0191-C,ERR327370
AC0192-C,ERR328780
AC0192-C,ERR331903
AC0192-C,ERR331915
AC0193-C,ERR319995
AC0193-C,ERR327359
AC0193-C,ERR327371
AC0194-C,ERR327387
AC0194-C,ERR327399
AC0194-C,ERR320011
AC0195-C,ERR320053
AC0195-C,ERR328440
AC0195-C,ERR328452
AC0196-C,ERR328818
AC0196-C,ERR331977
AC0196-C,ERR331989
AC0197-Cx,ERR491269
AC0197-Cx,ERR495765
AC0197-Cx,ERR502002
AC0198-C,ERR331793
AC0198-C,ERR327275
AC0198-C,ERR331781
AC0199-C,ERR328451
AC0199-C,ERR328439
AC0199-C,ERR320052
AC0200-C,ERR320036
AC0200-C,ERR343570
AC0200-C,ERR343582
AC0201-Cx,ERR491270
AC0201-Cx,ERR495766
AC0201-Cx,ERR502003
AC0202-Cx,ERR491279
AC0202-Cx,ERR495355
AC0202-Cx,ERR495367
AC0203-C,ERR328446
AC0203-C,ERR328458
AC0203-C,ERR320059
AC0204-C,ERR1584219
AC0204-C,ERR1594558
AC0204-C,ERR1602296
AC0205-C,ERR1584220
AC0205-C,ERR1594559
AC0205-C,ERR1602297
AC0206-C,ERR1584221
AC0206-C,ERR1594560
AC0206-C,ERR1602298
AC0207-C,ERR1602299
AC0207-C,ERR1584222
AC0207-C,ERR1594561
AC0208-C,ERR1602300
AC0208-C,ERR1594562
AC0208-C,ERR1584223
AC0209-C,ERR1584224
AC0209-C,ERR1594563
AC0209-C,ERR1602301
AC0210-C,ERR1584225
AC0210-C,ERR1594564
AC0210-C,ERR1602302
AC0211-C,ERR1584226
AC0211-C,ERR1594565
AC0211-C,ERR1602303
AC0212-C,ERR1594566
AC0212-C,ERR1602304
AC0212-C,ERR1584227
AC0213-C,ERR1584228
AC0213-C,ERR1594567
AC0213-C,ERR1602305
AC0214-C,ERR1584229
AC0214-C,ERR1594568
AC0214-C,ERR1602306
AC0215-C,ERR1584230
AC0215-C,ERR1594569
AC0215-C,ERR1602307
AC0216-C,ERR1602308
AC0216-C,ERR1584231
AC0216-C,ERR1594570
AC0217-C,ERR1602309
AC0217-C,ERR1594571
AC0217-C,ERR1584232
AC0218-C,ERR1584233
AC0218-C,ERR1594572
AC0218-C,ERR1602310
AC0219-C,ERR1584234
AC0219-C,ERR1594573
AC0219-C,ERR1602311
AC0220-C,ERR1584235
AC0220-C,ERR1594574
AC0220-C,ERR1602312
AC0221-C,ERR1594575
AC0221-C,ERR1602313
AC0221-C,ERR1584236
AC0222-C,ERR1584237
AC0222-C,ERR1594576
AC0222-C,ERR1602314
AC0223-C,ERR1584238
AC0223-C,ERR1594577
AC0223-C,ERR1602315
AC0224-C,ERR1584239
AC0224-C,ERR1594578
AC0224-C,ERR1602316
AC0225-C,ERR1602317
AC0225-C,ERR1584240
AC0225-C,ERR1594579
AC0226-C,ERR1594580
AC0226-C,ERR1602318
AC0226-C,ERR1584241
AC0227-C,ERR1602319
AC0227-C,ERR1584242
AC0227-C,ERR1594581
AC0228-C,ERR1584243
AC0228-C,ERR1594582
AC0228-C,ERR1602320
AC0229-C,ERR1584244
AC0229-C,ERR1594583
AC0229-C,ERR1602321
AC0230-C,ERR1584245
AC0230-C,ERR1594584
AC0230-C,ERR1602322
AC0231-C,ERR1594585
AC0231-C,ERR1602323
AC0231-C,ERR1584246
AC0232-C,ERR1584247
AC0232-C,ERR1594586
AC0232-C,ERR1602324
AC0233-C,ERR1584248
AC0233-C,ERR1594587
AC0233-C,ERR1602325
AC0234-C,ERR1584249
AC0234-C,ERR1594588
AC0234-C,ERR1602326
AC0235-C,ERR1602327
AC0235-C,ERR1584250
AC0235-C,ERR1594589
AC0236-C,ERR1602328
AC0236-C,ERR1594590
AC0236-C,ERR1584251
AC0237-C,ERR1584252
AC0237-C,ERR1594591
AC0237-C,ERR1602329
AC0238-C,ERR1584253
AC0238-C,ERR1594592
AC0238-C,ERR1602330
AC0239-C,ERR1584254
AC0239-C,ERR1594593
AC0239-C,ERR1602331
AC0240-C,ERR1584291
AC0240-C,ERR1584327
AC0240-C,ERR1584255
AC0241-C,ERR1584256
AC0241-C,ERR1584292
AC0241-C,ERR1584328
AC0242-C,ERR1584257
AC0242-C,ERR1584293
AC0242-C,ERR1584329
AC0243-C,ERR1584258
AC0243-C,ERR1584294
AC0243-C,ERR1584330
AC0244-C,ERR1584331
AC0244-C,ERR1584259
AC0244-C,ERR1584295
AC0245-C,ERR1584332
AC0245-C,ERR1584296
AC0245-C,ERR1584260
AC0246-C,ERR1584261
AC0246-C,ERR1584297
AC0246-C,ERR1584333
AC0247-C,ERR1584262
AC0247-C,ERR1584298
AC0247-C,ERR1584334
AC0248-C,ERR1584263
AC0248-C,ERR1584299
AC0248-C,ERR1584335
AC0249-C,ERR1584300
AC0249-C,ERR1584336
AC0249-C,ERR1584264
AC0250-C,ERR1584265
AC0250-C,ERR1584301
AC0250-C,ERR1584337
AC0251-C,ERR1584266
AC0251-C,ERR1584302
AC0251-C,ERR1584338
AC0252-C,ERR1584267
AC0252-C,ERR1584303
AC0252-C,ERR1584339
AC0253-C,ERR1584340
AC0253-C,ERR1584268
AC0253-C,ERR1584304
AC0254-C,ERR1584341
AC0254-C,ERR1584305
AC0254-C,ERR1584269
AC0255-C,ERR1584270
AC0255-C,ERR1584306
AC0255-C,ERR1584342
AC0256-C,ERR1584271
AC0256-C,ERR1584307
AC0256-C,ERR1584343
AC0257-C,ERR1584272
AC0257-C,ERR1584308
AC0257-C,ERR1584344
AC0258-C,ERR1584309
AC0258-C,ERR1584345
AC0258-C,ERR1584273
AC0259-C,ERR1584274
AC0259-C,ERR1584310
AC0259-C,ERR1584346
AC0260-C,ERR1584275
AC0260-C,ERR1584311
AC0260-C,ERR1584347
AC0261-C,ERR1584276
AC0261-C,ERR1584312
AC0261-C,ERR1584348
AC0262-C,ERR1584277
AC0262-C,ERR1584313
AC0262-C,ERR1584349
AC0263-C,ERR1584350
AC0263-C,ERR1584278
AC0263-C,ERR1584314
AC0264-C,ERR1584279
AC0264-C,ERR1584315
AC0264-C,ERR1584351
AC0265-C,ERR1584280
AC0265-C,ERR1584316
AC0265-C,ERR1584352
AC0266-C,ERR1584281
AC0266-C,ERR1584317
AC0266-C,ERR1584353
AC0267-C,ERR1584354
AC0267-C,ERR1584318
AC0267-C,ERR1584282
AC0268-C,ERR1584283
AC0268-C,ERR1584319
AC0268-C,ERR1584355
AC0269-C,ERR1584284
AC0269-C,ERR1584320
AC0269-C,ERR1584356
AC0270-C,ERR1584285
AC0270-C,ERR1584321
AC0270-C,ERR1584357
AC0271-C,ERR1584322
AC0271-C,ERR1584358
AC0271-C,ERR1584286
AC0272-C,ERR1584287
AC0272-C,ERR1584323
AC0272-C,ERR1584359
AC0273-C,ERR1584288
AC0273-C,ERR1584324
AC0273-C,ERR1584360
AC0274-C,ERR1584289
AC0274-C,ERR1584325
AC0274-C,ERR1584361
AC0275-C,ERR1584362
AC0275-C,ERR1584326
AC0275-C,ERR1584290
AC0276-C,ERR1610066
AC0276-C,ERR1610102
AC0276-C,ERR1620599
AC0277-C,ERR1610067
AC0277-C,ERR1610103
AC0277-C,ERR1620600
AC0278-C,ERR1610068
AC0278-C,ERR1610104
AC0278-C,ERR1620601
AC0279-C,ERR1610105
AC0279-C,ERR1620602
AC0279-C,ERR1610069
AC0280-C,ERR1620603
AC0280-C,ERR1610070
AC0280-C,ERR1610106
AC0281-C,ERR1610071
AC0281-C,ERR1610107
AC0281-C,ERR1620604
AC0282-C,ERR1610072
AC0282-C,ERR1610108
AC0282-C,ERR1620605
AC0283-C,ERR1610073
AC0283-C,ERR1610109
AC0283-C,ERR1620606
AC0284-C,ERR1620607
AC0284-C,ERR1610110
AC0284-C,ERR1610074
AC0285-C,ERR1610075
AC0285-C,ERR1610111
AC0285-C,ERR1620608
AC0286-C,ERR1610076
AC0286-C,ERR1610112
AC0286-C,ERR1620609
AC0287-C,ERR1610077
AC0287-C,ERR1610113
AC0287-C,ERR1620610
AC0288-C,ERR1620611
AC0288-C,ERR1610078
AC0288-C,ERR1610114
AC0289-C,ERR1610079
AC0289-C,ERR1610115
AC0289-C,ERR1620612
AC0290-C,ERR1610080
AC0290-C,ERR1610116
AC0290-C,ERR1620613
AC0291-C,ERR1620614
AC0291-C,ERR1610081
AC0291-C,ERR1610117
AC0292-C,ERR1620615
AC0292-C,ERR1610082
AC0292-C,ERR1610118
AC0293-C,ERR1610083
AC0293-C,ERR1610119
AC0293-C,ERR1620616
AC0294-C,ERR1610120
AC0294-C,ERR1610084
AC0294-C,ERR1620617
AC0295-C,ERR1610121
AC0295-C,ERR1610085
AC0295-C,ERR1620618
AC0296-C,ERR1610122
AC0296-C,ERR1610086
AC0296-C,ERR1620619
AC0297-C,ERR1610123
AC0297-C,ERR1610087
AC0297-C,ERR1620620
AC0298-C,ERR1609990
AC0298-C,ERR1609954
AC0298-C,ERR1610026
AC0299-C,ERR1609991
AC0299-C,ERR1609955
AC0299-C,ERR1610027
AC0300-C,ERR1610088
AC0300-C,ERR1610124
AC0300-C,ERR1620621
AC0301-C,ERR1610089
AC0301-C,ERR1610125
AC0301-C,ERR1620622
AC0303-C,ERR1610091
AC0303-C,ERR1610127
AC0303-C,ERR1620624
AC0304-C,ERR1610092
AC0304-C,ERR1610128
AC0304-C,ERR1620625
AC0305-C,ERR1620626
AC0305-C,ERR1610129
AC0305-C,ERR1610093
AC0306-C,ERR1610094
AC0306-C,ERR1610130
AC0306-C,ERR1620627
AC0307-C,ERR1610095
AC0307-C,ERR1610131
AC0307-C,ERR1620628
AC0308-C,ERR1610096
AC0308-C,ERR1610132
AC0308-C,ERR1620629
AC0309-C,ERR1610097
AC0309-C,ERR1610133
AC0309-C,ERR1620630
AC0310-C,ERR1620631
AC0310-C,ERR1610098
AC0310-C,ERR1610134
AC0311-C,ERR1610099
AC0311-C,ERR1610135
AC0311-C,ERR1620632
AC0312-C,ERR1610100
AC0312-C,ERR1610136
AC0312-C,ERR1620633
AC0313-C,ERR1610101
AC0313-C,ERR1610137
AC0313-C,ERR1620634
AC0314-C,ERR1610210
AC0314-C,ERR1610174
AC0314-C,ERR1610138
AC0315-C,ERR1610139
AC0315-C,ERR1610175
AC0315-C,ERR1610211
AC0316-C,ERR1610140
AC0316-C,ERR1610176
AC0316-C,ERR1610212
AC0317-C,ERR1610141
AC0317-C,ERR1610177
AC0317-C,ERR1610213
AC0318-C,ERR1610178
AC0318-C,ERR1610214
AC0318-C,ERR1610142
AC0319-C,ERR1610215
AC0319-C,ERR1610179
AC0319-C,ERR1610143
AC0320-C,ERR1610144
AC0320-C,ERR1610180
AC0320-C,ERR1610216
AC0321-C,ERR1610145
AC0321-C,ERR1610181
AC0321-C,ERR1610217
AC0322-C,ERR1610146
AC0322-C,ERR1610182
AC0322-C,ERR1610218
AC0323-C,ERR1610183
AC0323-C,ERR1610219
AC0323-C,ERR1610147
AC0324-C,ERR1610148
AC0324-C,ERR1610184
AC0324-C,ERR1610220
AC0325-C,ERR1610149
AC0325-C,ERR1610185
AC0325-C,ERR1610221
AC0326-C,ERR1610150
AC0326-C,ERR1610186
AC0326-C,ERR1610222
AC0327-C,ERR1610223
AC0327-C,ERR1610151
AC0327-C,ERR1610187
AC0328-C,ERR1610188
AC0328-C,ERR1610224
AC0328-C,ERR1610152
AC0329-C,ERR1610153
AC0329-C,ERR1610189
AC0329-C,ERR1610225
AC0330-C,ERR1610154
AC0330-C,ERR1610190
AC0330-C,ERR1610226
AC0331-C,ERR1610155
AC0331-C,ERR1610191
AC0331-C,ERR1610227
AC0332-C,ERR1610228
AC0332-C,ERR1610156
AC0332-C,ERR1610192
AC0333-C,ERR1610229
AC0333-C,ERR1610193
AC0333-C,ERR1610157
AC0334-C,ERR1610158
AC0334-C,ERR1610194
AC0334-C,ERR1610230
AC0335-C,ERR1610159
AC0335-C,ERR1610195
AC0335-C,ERR1610231
AC0336-C,ERR1610232
AC0336-C,ERR1610160
AC0336-C,ERR1610196
AC0337-C,ERR1610197
AC0337-C,ERR1610233
AC0337-C,ERR1610161
AC0338-C,ERR1610234
AC0338-C,ERR1610162
AC0338-C,ERR1610198
AC0339-C,ERR1610163
AC0339-C,ERR1610199
AC0339-C,ERR1610235
AC0340-C,ERR1610164
AC0340-C,ERR1610200
AC0340-C,ERR1610236
AC0341-C,ERR1610165
AC0341-C,ERR1610201
AC0341-C,ERR1610237
AC0342-C,ERR1610202
AC0342-C,ERR1610238
AC0342-C,ERR1610166
AC0343-C,ERR1610167
AC0343-C,ERR1610203
AC0343-C,ERR1610239
AC0344-C,ERR1610168
AC0344-C,ERR1610204
AC0344-C,ERR1610240
AC0345-C,ERR1610169
AC0345-C,ERR1610205
AC0345-C,ERR1610241
AC0346-C,ERR1610242
AC0346-C,ERR1610170
AC0346-C,ERR1610206
AC0347-C,ERR1610243
AC0347-C,ERR1610207
AC0347-C,ERR1610171
AC0348-C,ERR1610172
AC0348-C,ERR1610208
AC0348-C,ERR1610244
AC0349-C,ERR1610173
AC0349-C,ERR1610209
AC0349-C,ERR1610245
AC0382-C,ERR1602364
AC0382-C,ERR1609918
AC0382-C,ERR1610278
AC0383-C,ERR1609919
AC0383-C,ERR1610279
AC0383-C,ERR1602365
AC0384-C,ERR1602366
AC0384-C,ERR1609920
AC0384-C,ERR1610280
AC0385-C,ERR1602367
AC0385-C,ERR1609921
AC0385-C,ERR1610281
AC0386-C,ERR1609922
AC0386-C,ERR1609958
AC0386-C,ERR1609994
AC0387-C,ERR1609995
AC0387-C,ERR1609923
AC0387-C,ERR1609959
AC0388-C,ERR1609996
AC0388-C,ERR1609960
AC0388-C,ERR1609924
AC0389-C,ERR1609925
AC0389-C,ERR1609961
AC0389-C,ERR1609997
AC0390-C,ERR1609926
AC0390-C,ERR1609962
AC0390-C,ERR1609998
AC0391-C,ERR1609927
AC0391-C,ERR1609963
AC0391-C,ERR1609999
AC0392-C,ERR1609964
AC0392-C,ERR1610000
AC0392-C,ERR1609928
AC0393-C,ERR1609929
AC0393-C,ERR1609965
AC0393-C,ERR1610001
AC0398-C,ERR1609932
AC0398-C,ERR1609968
AC0398-C,ERR1610004
AC0406-C,ERR1609940
AC0406-C,ERR1609976
AC0406-C,ERR1610012
AC0416-C,ERR1610022
AC0416-C,ERR1609950
AC0416-C,ERR1609986
AD0142-C,ERR178449
AD0142-C,ERR178437
AD0142-C,ERR178341
AD0143-C,ERR054143
AD0143-C,ERR055562
AD0143-C,ERR055574
AD0146-C,ERR178352
AD0146-C,ERR180704
AD0146-C,ERR180716
AD0147-C,ERR054122
AD0147-C,ERR055529
AD0147-C,ERR055541
AD0148-C,ERR056571
AD0148-C,ERR056583
AD0148-C,ERR054165
AD0149-C,ERR054133
AD0149-C,ERR055552
AD0149-C,ERR055564
AD0150-C,ERR054166
AD0150-C,ERR056572
AD0150-C,ERR056584
AD0151-C,ERR054179
AD0151-C,ERR056597
AD0151-C,ERR056609
AD0152-C,ERR056608
AD0152-C,ERR054178
AD0152-C,ERR056596
AD0153-C,ERR056594
AD0153-C,ERR056606
AD0153-C,ERR054176
AD0154-C,ERR056655
AD0154-C,ERR054201
AD0154-C,ERR056643
AD0155-C,ERR054184
AD0155-C,ERR056614
AD0155-C,ERR056626
AD0156-C,ERR054126
AD0156-C,ERR055533
AD0156-C,ERR055545
AD0157-C,ERR054117
AD0157-C,ERR055512
AD0157-C,ERR055524
AD0158-C,ERR193395
AD0158-C,ERR193407
AD0158-C,ERR191531
AD0159-C,ERR054174
AD0159-C,ERR056592
AD0159-C,ERR056604
AD0160-C,ERR178327
AD0160-C,ERR178411
AD0160-C,ERR178423
AD0161-C,ERR178328
AD0161-C,ERR178412
AD0161-C,ERR178424
AD0162-C,ERR055521
AD0162-C,ERR054114
AD0162-C,ERR055509
AD0163-C,ERR178450
AD0163-C,ERR178438
AD0163-C,ERR178342
AD0164-C,ERR054129
AD0164-C,ERR055536
AD0164-C,ERR055548
AD0165-C,ERR054163
AD0165-C,ERR056569
AD0165-C,ERR056581
AD0231-C,ERR178315
AD0231-C,ERR178387
AD0231-C,ERR178399
AD0232-C,ERR193396
AD0232-C,ERR193408
AD0232-C,ERR191532
AD0234-C,ERR054131
AD0234-C,ERR055538
AD0234-C,ERR055550
AD0235-C,ERR054134
AD0235-C,ERR055553
AD0235-C,ERR055565
AD0236-C,ERR054136
AD0236-C,ERR055555
AD0236-C,ERR055567
AD0237-C,ERR055572
AD0237-C,ERR054141
AD0237-C,ERR055560
AD0238-C,ERR055534
AD0238-C,ERR055546
AD0238-C,ERR054127
AD0239-C,ERR054130
AD0239-C,ERR055537
AD0239-C,ERR055549
AD0240-C,ERR178329
AD0240-C,ERR178413
AD0240-C,ERR178425
AD0241-C,ERR054172
AD0241-C,ERR056590
AD0241-C,ERR056602
AD0242-C,ERR203936
AD0242-C,ERR203948
AD0242-C,ERR197169
AD0243-C,ERR054138
AD0243-C,ERR055557
AD0243-C,ERR055569
AD0244-C,ERR178343
AD0244-C,ERR178439
AD0244-C,ERR178451
AD0245-C,ERR054157
AD0245-C,ERR056563
AD0245-C,ERR056575
AD0246-C,ERR055599
AD0246-C,ERR054156
AD0246-C,ERR055587
AD0247-C,ERR203925
AD0247-C,ERR203913
AD0247-C,ERR197158
AD0248-C,ERR178316
AD0248-C,ERR178388
AD0248-C,ERR178400
AD0249-C,ERR178330
AD0249-C,ERR178414
AD0249-C,ERR178426
AD0250-C,ERR054147
AD0250-C,ERR055578
AD0250-C,ERR055590
AD0251-C,ERR055506
AD0251-C,ERR055518
AD0251-C,ERR054111
AD0252-C,ERR054149
AD0252-C,ERR055580
AD0252-C,ERR055592
AD0253-C,ERR178344
AD0253-C,ERR178440
AD0253-C,ERR178452
AD0254-C,ERR197106
AD0254-C,ERR203813
AD0254-C,ERR203825
AD0255-C,ERR193578
AD0255-C,ERR191618
AD0255-C,ERR193566
AD0259-C,ERR203811
AD0259-C,ERR203823
AD0259-C,ERR197104
AD0260-C,ERR193431
AD0260-C,ERR193419
AD0260-C,ERR191543
AD0261-C,ERR191557
AD0261-C,ERR193445
AD0261-C,ERR193457
AD0262-C,ERR212390
AD0262-C,ERR217194
AD0262-C,ERR217206
AD0263-C,ERR191617
AD0263-C,ERR193565
AD0263-C,ERR193577
AD0264-C,ERR203821
AD0264-C,ERR203833
AD0264-C,ERR197114
AD0265-C,ERR212460
AD0265-C,ERR217228
AD0265-C,ERR217240
AD0266-C,ERR191604
AD0266-C,ERR193540
AD0266-C,ERR193552
AD0267-C,ERR197090
AD0267-C,ERR203773
AD0267-C,ERR203785
AD0268-C,ERR193596
AD0268-C,ERR191624
AD0268-C,ERR193584
AD0269-C,ERR203871
AD0269-C,ERR203859
AD0269-C,ERR197128
AD0270-C,ERR212394
AD0270-C,ERR217198
AD0270-C,ERR217210
AD0271-C,ERR212392
AD0271-C,ERR217196
AD0271-C,ERR217208
AD0272-C,ERR197144
AD0272-C,ERR203887
AD0272-C,ERR203899
AD0273-C,ERR193542
AD0273-C,ERR193554
AD0273-C,ERR191606
AD0274-C,ERR197135
AD0274-C,ERR203866
AD0274-C,ERR203878
AD0275-C,ERR191614
AD0275-C,ERR193562
AD0275-C,ERR193574
AD0276-C,ERR197123
AD0276-C,ERR203842
AD0276-C,ERR203854
AD0277-C,ERR178353
AD0277-C,ERR180705
AD0277-C,ERR180717
AD0278-C,ERR180718
AD0278-C,ERR180706
AD0278-C,ERR178354
AD0283-C,ERR178331
AD0283-C,ERR178415
AD0283-C,ERR178427
AD0284-C,ERR178304
AD0284-C,ERR178364
AD0284-C,ERR178376
AD0285-C,ERR178332
AD0285-C,ERR178416
AD0285-C,ERR178428
AD0286-C,ERR178453
AD0286-C,ERR178441
AD0286-C,ERR178345
AD0287-C,ERR178346
AD0287-C,ERR178442
AD0287-C,ERR178454
AD0288-C,ERR178305
AD0288-C,ERR178365
AD0288-C,ERR178377
AD0289-C,ERR191535
AD0289-C,ERR193399
AD0289-C,ERR193411
AD0290-C,ERR193412
AD0290-C,ERR193400
AD0290-C,ERR191536
AD0291-C,ERR178306
AD0291-C,ERR178366
AD0291-C,ERR178378
AD0292-C,ERR178347
AD0292-C,ERR178443
AD0292-C,ERR178455
AD0293-C,ERR178317
AD0293-C,ERR178389
AD0293-C,ERR178401
AD0294-C,ERR180721
AD0294-C,ERR180709
AD0294-C,ERR178357
AD0295-C,ERR178333
AD0295-C,ERR178417
AD0295-C,ERR178429
AD0296-C,ERR178334
AD0296-C,ERR178418
AD0296-C,ERR178430
AD0297-C,ERR178335
AD0297-C,ERR178419
AD0297-C,ERR178431
AD0298-C,ERR193401
AD0298-C,ERR193413
AD0298-C,ERR191537
AD0299-C,ERR180710
AD0299-C,ERR180722
AD0299-C,ERR178358
AD0300-C,ERR178420
AD0300-C,ERR178432
AD0300-C,ERR178336
AD0301-C,ERR178456
AD0301-C,ERR178444
AD0301-C,ERR178348
AD0302-C,ERR178349
AD0302-C,ERR178445
AD0302-C,ERR178457
AD0303-C,ERR197131
AD0303-C,ERR203862
AD0303-C,ERR203874
AD0304-C,ERR191586
AD0304-C,ERR193510
AD0304-C,ERR193522
AD0305-C,ERR203865
AD0305-C,ERR203877
AD0305-C,ERR197134
AD0306-C,ERR191611
AD0306-C,ERR193559
AD0306-C,ERR193571
AD0309-C,ERR197159
AD0309-C,ERR203914
AD0309-C,ERR203926
AD0310-C,ERR197080
AD0310-C,ERR203763
AD0310-C,ERR203775
AD0311-C,ERR203803
AD0311-C,ERR197096
AD0311-C,ERR203791
AD0312-C,ERR203780
AD0312-C,ERR203768
AD0312-C,ERR197085
AD0313-C,ERR197107
AD0313-C,ERR203814
AD0313-C,ERR203826
AD0314-C,ERR197093
AD0314-C,ERR203788
AD0314-C,ERR203800
AD0315-C,ERR197162
AD0315-C,ERR203917
AD0315-C,ERR203929
AD0316-C,ERR203868
AD0316-C,ERR203880
AD0316-C,ERR197137
AD0317-C,ERR191592
AD0317-C,ERR193516
AD0317-C,ERR193528
AD0318-C,ERR191598
AD0318-C,ERR193534
AD0318-C,ERR193546
AD0319-C,ERR197091
AD0319-C,ERR203774
AD0319-C,ERR203786
AD0320-C,ERR212445
AD0320-C,ERR200572
AD0320-C,ERR212433
AD0321-C,ERR226795
AD0321-C,ERR226807
AD0321-C,ERR223527
AD0322-C,ERR197168
AD0322-C,ERR203935
AD0322-C,ERR203947
AD0323-C,ERR197097
AD0323-C,ERR203792
AD0323-C,ERR203804
AD0324-C,ERR197111
AD0324-C,ERR203818
AD0324-C,ERR203830
AD0325-C,ERR226794
AD0325-C,ERR226806
AD0325-C,ERR223526
AD0327-C,ERR197121
AD0327-C,ERR203840
AD0327-C,ERR203852
AD0328-C,ERR200573
AD0328-C,ERR212434
AD0328-C,ERR212446
AD0329-C,ERR197124
AD0329-C,ERR203843
AD0329-C,ERR203855
AD0330-C,ERR212448
AD0330-C,ERR200575
AD0330-C,ERR212436
AD0331-C,ERR203829
AD0331-C,ERR203817
AD0331-C,ERR197110
AD0332-C,ERR191545
AD0332-C,ERR193421
AD0332-C,ERR193433
AD0334-C,ERR191601
AD0334-C,ERR193537
AD0334-C,ERR193549
AD0335-C,ERR197165
AD0335-C,ERR203932
AD0335-C,ERR203944
AD0336-C,ERR193448
AD0336-C,ERR193460
AD0336-C,ERR191560
AD0337-C,ERR191556
AD0337-C,ERR193444
AD0337-C,ERR193456
AD0338-C,ERR197118
AD0338-C,ERR203837
AD0338-C,ERR203849
AD0339-C,ERR197095
AD0339-C,ERR203790
AD0339-C,ERR203802
AD0340-C,ERR203881
AD0340-C,ERR197138
AD0340-C,ERR203869
AD0341-C,ERR193465
AD0341-C,ERR193477
AD0341-C,ERR191565
AD0342-C,ERR212424
AD0342-C,ERR212412
AD0342-C,ERR200563
AD0343-C,ERR200559
AD0343-C,ERR212408
AD0343-C,ERR212420
AD0344-C,ERR200568
AD0344-C,ERR212429
AD0344-C,ERR212441
AD0345-C,ERR191555
AD0345-C,ERR193443
AD0345-C,ERR193455
AD0346-C,ERR212428
AD0346-C,ERR212440
AD0346-C,ERR200567
AD0347-C,ERR178307
AD0347-C,ERR178367
AD0347-C,ERR178379
AD0348-C,ERR178359
AD0348-C,ERR180711
AD0348-C,ERR180723
AD0351-C,ERR178308
AD0351-C,ERR178368
AD0351-C,ERR178380
AD0352-C,ERR180726
AD0352-C,ERR178362
AD0352-C,ERR180714
AD0353-C,ERR178402
AD0353-C,ERR178390
AD0353-C,ERR178318
AD0354-C,ERR178309
AD0354-C,ERR178369
AD0354-C,ERR178381
AD0355-C,ERR178310
AD0355-C,ERR178370
AD0355-C,ERR178382
AD0356-C,ERR178337
AD0356-C,ERR178421
AD0356-C,ERR178433
AD0357-C,ERR178391
AD0357-C,ERR178403
AD0357-C,ERR178319
AD0358-C,ERR178320
AD0358-C,ERR178392
AD0358-C,ERR178404
AD0359-C,ERR178321
AD0359-C,ERR178393
AD0359-C,ERR178405
AD0360-C,ERR178322
AD0360-C,ERR178394
AD0360-C,ERR178406
AD0361-C,ERR178407
AD0361-C,ERR178323
AD0361-C,ERR178395
AD0362-C,ERR178422
AD0362-C,ERR178434
AD0362-C,ERR178338
AD0363-C,ERR178311
AD0363-C,ERR178371
AD0363-C,ERR178383
AD0364-C,ERR178324
AD0364-C,ERR178396
AD0364-C,ERR178408
AD0365-C,ERR178350
AD0365-C,ERR178446
AD0365-C,ERR178458
AD0366-C,ERR178397
AD0366-C,ERR178409
AD0366-C,ERR178325
AD0367-C,ERR178312
AD0367-C,ERR178372
AD0367-C,ERR178384
AD0368-C,ERR178313
AD0368-C,ERR178373
AD0368-C,ERR178385
AD0369-C,ERR178326
AD0369-C,ERR178398
AD0369-C,ERR178410
AD0370-C,ERR178386
AD0370-C,ERR178314
AD0370-C,ERR178374
AD0371-C,ERR193481
AD0371-C,ERR193469
AD0371-C,ERR191569
AD0372-C,ERR223511
AD0372-C,ERR226767
AD0372-C,ERR226779
AD0374-C,ERR212449
AD0374-C,ERR217217
AD0374-C,ERR217229
AD0375-C,ERR197150
AD0375-C,ERR203893
AD0375-C,ERR203905
AD0376-C,ERR203845
AD0376-C,ERR203857
AD0376-C,ERR197126
AD0377-C,ERR197170
AD0377-C,ERR203937
AD0377-C,ERR203949
AD0378-C,ERR191613
AD0378-C,ERR193561
AD0378-C,ERR193573
AD0379-C,ERR191577
AD0379-C,ERR193489
AD0379-C,ERR193501
AD0380-C,ERR203882
AD0380-C,ERR197139
AD0380-C,ERR203870
AD0381-C,ERR203916
AD0381-C,ERR203928
AD0381-C,ERR197161
AD0382-C,ERR193512
AD0382-C,ERR193524
AD0382-C,ERR191588
AD0383-C,ERR223496
AD0383-C,ERR226740
AD0383-C,ERR226752
AD0384-C,ERR212389
AD0384-C,ERR217193
AD0384-C,ERR217205
AD0385-C,ERR191626
AD0385-C,ERR193586
AD0385-C,ERR193598
AD0386-C,ERR193517
AD0386-C,ERR193529
AD0386-C,ERR191593
AD0387-C,ERR191615
AD0387-C,ERR193563
AD0387-C,ERR193575
AD0388-C,ERR191630
AD0388-C,ERR193590
AD0388-C,ERR193602
AD0389-C,ERR191633
AD0389-C,ERR193593
AD0389-C,ERR193605
AD0390-C,ERR226778
AD0390-C,ERR223510
AD0390-C,ERR226766
AD0391-C,ERR226781
AD0391-C,ERR226769
AD0391-C,ERR223513
AD0392-C,ERR197163
AD0392-C,ERR203918
AD0392-C,ERR203930
AD0393-C,ERR212391
AD0393-C,ERR217195
AD0393-C,ERR217207
AD0422-C,ERR191551
AD0422-C,ERR193439
AD0422-C,ERR193451
AD0423-C,ERR226596
AD0423-C,ERR226608
AD0423-C,ERR223484
AD0427-C,ERR197117
AD0427-C,ERR203836
AD0427-C,ERR203848
AD0428-C,ERR197109
AD0428-C,ERR203816
AD0428-C,ERR203828
AD0429-C,ERR223518
AD0429-C,ERR226786
AD0429-C,ERR226798
AD0430-C,ERR203853
AD0430-C,ERR197122
AD0430-C,ERR203841
AD0431-C,ERR193513
AD0431-C,ERR193525
AD0431-C,ERR191589
AD0432-C,ERR212399
AD0432-C,ERR217203
AD0432-C,ERR217215
AD0433-C,ERR191585
AD0433-C,ERR193497
AD0433-C,ERR193509
AD0434-C,ERR197088
AD0434-C,ERR203771
AD0434-C,ERR203783
AD0435-C,ERR203787
AD0435-C,ERR203799
AD0435-C,ERR197092
AD0436-C,ERR197127
AD0436-C,ERR203846
AD0436-C,ERR203858
AD0437-C,ERR212459
AD0437-C,ERR217227
AD0437-C,ERR217239
AD0438-C,ERR197115
AD0438-C,ERR203822
AD0438-C,ERR203834
AD0439-C,ERR203873
AD0439-C,ERR197130
AD0439-C,ERR203861
AD0440-C,ERR203810
AD0440-C,ERR203798
AD0440-C,ERR197103
AD0441-C,ERR197100
AD0441-C,ERR203795
AD0441-C,ERR203807
AD0442-C,ERR191596
AD0442-C,ERR193520
AD0442-C,ERR193532
AD0443-C,ERR197116
AD0443-C,ERR203835
AD0443-C,ERR203847
AD0444-C,ERR226605
AD0444-C,ERR226617
AD0444-C,ERR223493
AD0446-C,ERR212397
AD0446-C,ERR217201
AD0446-C,ERR217213
AD0447-C,ERR197089
AD0447-C,ERR203772
AD0447-C,ERR203784
AD0448-C,ERR223495
AD0448-C,ERR226739
AD0448-C,ERR226751
AD0453-C,ERR203827
AD0453-C,ERR197108
AD0453-C,ERR203815
AD0454-C,ERR203860
AD0454-C,ERR203872
AD0454-C,ERR197129
AD0455-C,ERR203875
AD0455-C,ERR197132
AD0455-C,ERR203863
AD0456-C,ERR197167
AD0456-C,ERR203934
AD0456-C,ERR203946
AD0457-C,ERR197086
AD0457-C,ERR203769
AD0457-C,ERR203781
AD0458-C,ERR191621
AD0458-C,ERR193569
AD0458-C,ERR193581
AD0459-C,ERR203796
AD0459-C,ERR203808
AD0459-C,ERR197101
AD0460-C,ERR197148
AD0460-C,ERR203891
AD0460-C,ERR203903
AD0461-C,ERR191584
AD0461-C,ERR193496
AD0461-C,ERR193508
AD0462-C,ERR197082
AD0462-C,ERR203765
AD0462-C,ERR203777
AD0463-C,ERR193458
AD0463-C,ERR191558
AD0463-C,ERR193446
AD0464-C,ERR193484
AD0464-C,ERR193472
AD0464-C,ERR191572
AD0465-C,ERR223520
AD0465-C,ERR226788
AD0465-C,ERR226800
AD0466-C,ERR191612
AD0466-C,ERR193560
AD0466-C,ERR193572
AD0467-C,ERR197099
AD0467-C,ERR203794
AD0467-C,ERR203806
AD0468-C,ERR193470
AD0468-C,ERR193482
AD0468-C,ERR191570
AD0469-C,ERR197142
AD0469-C,ERR203885
AD0469-C,ERR203897
AD0471-C,ERR197081
AD0471-C,ERR203764
AD0471-C,ERR203776
AD0472-C,ERR197133
AD0472-C,ERR203864
AD0472-C,ERR203876
AD0473-C,ERR193531
AD0473-C,ERR191595
AD0473-C,ERR193519
AD0474-C,ERR226758
AD0474-C,ERR223502
AD0474-C,ERR226746
AD0479-C,ERR191563
AD0479-C,ERR193463
AD0479-C,ERR193475
AD0480-C,ERR191554
AD0480-C,ERR193442
AD0480-C,ERR193454
AD0481-C,ERR197087
AD0481-C,ERR203770
AD0481-C,ERR203782
AD0482-C,ERR226796
AD0482-C,ERR226808
AD0482-C,ERR223528
AD0483-C,ERR191546
AD0483-C,ERR193422
AD0483-C,ERR193434
AD0484-C,ERR197083
AD0484-C,ERR203766
AD0484-C,ERR203778
AD0486-C,ERR191629
AD0486-C,ERR193589
AD0486-C,ERR193601
AD0487-C,ERR191616
AD0487-C,ERR193564
AD0487-C,ERR193576
AD0488-C,ERR203945
AD0488-C,ERR197166
AD0488-C,ERR203933
AD0489-C,ERR191574
AD0489-C,ERR193486
AD0489-C,ERR193498
AD0490-C,ERR191603
AD0490-C,ERR193539
AD0490-C,ERR193551
AD0491-C,ERR203901
AD0491-C,ERR197146
AD0491-C,ERR203889
AD0492-C,ERR193527
AD0492-C,ERR191591
AD0492-C,ERR193515
AD0493-C,ERR197143
AD0493-C,ERR203886
AD0493-C,ERR203898
AD0494-C,ERR203819
AD0494-C,ERR197112
AD0494-C,ERR203831
AD0495-C,ERR193488
AD0495-C,ERR191576
AD0495-C,ERR193500
AD0496-C,ERR203939
AD0496-C,ERR197172
AD0496-C,ERR203951
AD0497-C,ERR203767
AD0497-C,ERR197084
AD0497-C,ERR203779
AD0498-C,ERR226742
AD0498-C,ERR223498
AD0498-C,ERR226754
